job,dataset_index,worker,pre_worker,post_worker,slot_wait_ms,io_preprocess_ms,pre_infer_queue_ms,model_ms,infer_post_queue_ms,postprocess_ms,e2e_ms,completion_s,mode,instantaneous_fps
0,0,0,-1,-1,0.0,0.0,0.0,485.67291000017576,0.0,0.0,485.67291000017576,0.48567940199973236,baseline_model_only,2.0589989258401054
1,1,0,-1,-1,0.0,0.0,0.0,487.49724499975855,0.0,0.0,487.49724499975855,0.9731971249993876,baseline_model_only,2.0512936437220177
2,2,0,-1,-1,0.0,0.0,0.0,480.94665099961276,0.0,0.0,480.94665099961276,1.4541568409995307,baseline_model_only,2.079232692277974
3,3,0,-1,-1,0.0,0.0,0.0,473.69131999948877,0.0,0.0,473.69131999948877,1.927861094999571,baseline_model_only,2.111079426156847
4,4,0,-1,-1,0.0,0.0,0.0,488.35797700030525,0.0,0.0,488.35797700030525,2.4162317660002373,baseline_model_only,2.0476782341969915
5,5,0,-1,-1,0.0,0.0,0.0,470.1847059995998,0.0,0.0,470.1847059995998,2.8864307879994158,baseline_model_only,2.126823750836445
6,6,0,-1,-1,0.0,0.0,0.0,479.34207799971773,0.0,0.0,479.34207799971773,3.3657994159993905,baseline_model_only,2.086192816981506
7,7,0,-1,-1,0.0,0.0,0.0,470.43365800072934,0.0,0.0,470.43365800072934,3.836246570000185,baseline_model_only,2.125698242446865
8,8,0,-1,-1,0.0,0.0,0.0,475.60529299971677,0.0,0.0,475.60529299971677,4.311863334999543,baseline_model_only,2.10258383310422
9,0,0,-1,-1,0.0,0.0,0.0,471.9487749998734,0.0,0.0,471.9487749998734,4.783825784999863,baseline_model_only,2.1188740239875994
10,1,0,-1,-1,0.0,0.0,0.0,489.88349799947173,0.0,0.0,489.88349799947173,5.27372417999959,baseline_model_only,2.041301664750255
11,2,0,-1,-1,0.0,0.0,0.0,473.6985800000184,0.0,0.0,473.6985800000184,5.747437428000012,baseline_model_only,2.1110470713253164
12,3,0,-1,-1,0.0,0.0,0.0,492.62186699979793,0.0,0.0,492.62186699979793,6.240071116999388,baseline_model_only,2.0299545492981745
13,4,0,-1,-1,0.0,0.0,0.0,467.8409089992783,0.0,0.0,467.8409089992783,6.7079243689995565,baseline_model_only,2.1374787470788337
14,5,0,-1,-1,0.0,0.0,0.0,473.561824999706,0.0,0.0,473.561824999706,7.181499137999708,baseline_model_only,2.1116566986805174
15,6,0,-1,-1,0.0,0.0,0.0,468.447391999689,0.0,0.0,468.447391999689,7.649959984999441,baseline_model_only,2.1347114256122572
16,7,0,-1,-1,0.0,0.0,0.0,471.5232919998016,0.0,0.0,471.5232919998016,8.121494537999752,baseline_model_only,2.120786007747038
17,8,0,-1,-1,0.0,0.0,0.0,467.83573199991224,0.0,0.0,467.83573199991224,8.589343744999496,baseline_model_only,2.137502400094971
18,0,0,-1,-1,0.0,0.0,0.0,473.7454429996433,0.0,0.0,473.7454429996433,9.063103384999522,baseline_model_only,2.1108382461016157
19,1,0,-1,-1,0.0,0.0,0.0,470.10677399975975,0.0,0.0,470.10677399975975,9.533223073000045,baseline_model_only,2.1271763252671425
20,2,0,-1,-1,0.0,0.0,0.0,473.2377489999635,0.0,0.0,473.2377489999635,10.006474697999693,baseline_model_only,2.1131027736337176
21,3,0,-1,-1,0.0,0.0,0.0,475.4030069998407,0.0,0.0,475.4030069998407,10.481889456999852,baseline_model_only,2.1034784914608986
22,4,0,-1,-1,0.0,0.0,0.0,479.0924869994342,0.0,0.0,479.0924869994342,10.960995198999626,baseline_model_only,2.087279652960162
23,5,0,-1,-1,0.0,0.0,0.0,470.71733200027666,0.0,0.0,470.71733200027666,11.431734462999884,baseline_model_only,2.1244172075639915
24,6,0,-1,-1,0.0,0.0,0.0,495.4807170006461,0.0,0.0,495.4807170006461,11.927226832000088,baseline_model_only,2.018242013641665
25,7,0,-1,-1,0.0,0.0,0.0,495.88363400016533,0.0,0.0,495.88363400016533,12.42312364099962,baseline_model_only,2.0166021450098244
26,8,0,-1,-1,0.0,0.0,0.0,489.2810850005844,0.0,0.0,489.2810850005844,12.912416719000248,baseline_model_only,2.0438149576103184
27,0,0,-1,-1,0.0,0.0,0.0,502.11224400027277,0.0,0.0,502.11224400027277,13.414542409000205,baseline_model_only,1.9915865664479928
28,1,0,-1,-1,0.0,0.0,0.0,490.4405460001726,0.0,0.0,490.4405460001726,13.904995439000231,baseline_model_only,2.0389831308923796
29,2,0,-1,-1,0.0,0.0,0.0,481.2363669998376,0.0,0.0,481.2363669998376,14.386245011000028,baseline_model_only,2.077980943614632
30,3,0,-1,-1,0.0,0.0,0.0,482.8544649999458,0.0,0.0,482.8544649999458,14.869113171999743,baseline_model_only,2.0710174027284025
31,4,0,-1,-1,0.0,0.0,0.0,476.49212299984356,0.0,0.0,476.49212299984356,15.345618950999778,baseline_model_only,2.0986705797030107
32,5,0,-1,-1,0.0,0.0,0.0,481.17780899974605,0.0,0.0,481.17780899974605,15.826808101999632,baseline_model_only,2.078233828111819
33,6,0,-1,-1,0.0,0.0,0.0,494.22239100022125,0.0,0.0,494.22239100022125,16.321043386999918,baseline_model_only,2.0233806039750077
34,7,0,-1,-1,0.0,0.0,0.0,475.05367800022213,0.0,0.0,475.05367800022213,16.796109257999888,baseline_model_only,2.105025276742584
35,8,0,-1,-1,0.0,0.0,0.0,476.82979999990494,0.0,0.0,476.82979999990494,17.272952172999794,baseline_model_only,2.09718436221939
36,0,0,-1,-1,0.0,0.0,0.0,481.12836000018433,0.0,0.0,481.12836000018433,17.754092895999747,baseline_model_only,2.078447423052794
37,1,0,-1,-1,0.0,0.0,0.0,481.7783619992042,0.0,0.0,481.7783619992042,18.23588329099948,baseline_model_only,2.0756432394563453
38,2,0,-1,-1,0.0,0.0,0.0,488.70245199941564,0.0,0.0,488.70245199941564,18.72459848699964,baseline_model_only,2.0462348734055373
39,3,0,-1,-1,0.0,0.0,0.0,477.3915269997815,0.0,0.0,477.3915269997815,19.20200449099957,baseline_model_only,2.09471669152699
40,4,0,-1,-1,0.0,0.0,0.0,497.0995560006486,0.0,0.0,497.0995560006486,19.6991169920002,baseline_model_only,2.011669469281713
41,5,0,-1,-1,0.0,0.0,0.0,487.11572000047454,0.0,0.0,487.11572000047454,20.18624595700021,baseline_model_only,2.0529002841440342
42,6,0,-1,-1,0.0,0.0,0.0,483.6472610004421,0.0,0.0,483.6472610004421,20.669917864000126,baseline_model_only,2.0676225849629817
43,7,0,-1,-1,0.0,0.0,0.0,498.3704509995732,0.0,0.0,498.3704509995732,21.168332557999747,baseline_model_only,2.0065395089020965
44,8,0,-1,-1,0.0,0.0,0.0,486.9991810001011,0.0,0.0,486.9991810001011,21.655343491000167,baseline_model_only,2.0533915435882273
45,0,0,-1,-1,0.0,0.0,0.0,478.5100250001051,0.0,0.0,478.5100250001051,22.13386510700002,baseline_model_only,2.0898203752361937
46,1,0,-1,-1,0.0,0.0,0.0,479.856891000054,0.0,0.0,479.856891000054,22.613734951999504,baseline_model_only,2.0839546513876934
47,2,0,-1,-1,0.0,0.0,0.0,478.44836700005544,0.0,0.0,478.44836700005544,23.092197093999857,baseline_model_only,2.090089691956006
48,3,0,-1,-1,0.0,0.0,0.0,479.9411650001275,0.0,0.0,479.9411650001275,23.572151493000092,baseline_model_only,2.083588724879922
49,4,0,-1,-1,0.0,0.0,0.0,485.1558150003257,0.0,0.0,485.1558150003257,24.057320482999785,baseline_model_only,2.0611934745115414
50,5,0,-1,-1,0.0,0.0,0.0,480.0281650004763,0.0,0.0,480.0281650004763,24.537361331000284,baseline_model_only,2.0832110965801514
51,6,0,-1,-1,0.0,0.0,0.0,475.4558819995509,0.0,0.0,475.4558819995509,25.012829424999836,baseline_model_only,2.1032445656039744
52,7,0,-1,-1,0.0,0.0,0.0,489.5910850000291,0.0,0.0,489.5910850000291,25.502433273999486,baseline_model_only,2.0425208518654716
53,8,0,-1,-1,0.0,0.0,0.0,475.4297290000977,0.0,0.0,475.4297290000977,25.977876617999755,baseline_model_only,2.103360263362484
54,0,0,-1,-1,0.0,0.0,0.0,487.9190780002318,0.0,0.0,487.9190780002318,26.46580780899967,baseline_model_only,2.0495201870329915
55,1,0,-1,-1,0.0,0.0,0.0,472.47357400010515,0.0,0.0,472.47357400010515,26.938295789999756,baseline_model_only,2.1165204892491563
56,2,0,-1,-1,0.0,0.0,0.0,481.5877390001333,0.0,0.0,481.5877390001333,27.419895951999933,baseline_model_only,2.076464824615735
57,3,0,-1,-1,0.0,0.0,0.0,473.53588200076047,0.0,0.0,473.53588200076047,27.89344654100023,baseline_model_only,2.1117723872895318
58,4,0,-1,-1,0.0,0.0,0.0,482.10087700044824,0.0,0.0,482.10087700044824,28.375561234000088,baseline_model_only,2.0742546792734213
59,5,0,-1,-1,0.0,0.0,0.0,475.7685929998843,0.0,0.0,475.7685929998843,28.851344032999805,baseline_model_only,2.10186215465518
60,6,0,-1,-1,0.0,0.0,0.0,485.7126540000536,0.0,0.0,485.7126540000536,29.337069019999944,baseline_model_only,2.058830445870759
61,7,0,-1,-1,0.0,0.0,0.0,473.6399990006248,0.0,0.0,473.6399990006248,29.810722825000084,baseline_model_only,2.111308170994825
62,8,0,-1,-1,0.0,0.0,0.0,477.9568739995739,0.0,0.0,477.9568739995739,30.288694957999724,baseline_model_only,2.09223897468392
63,0,0,-1,-1,0.0,0.0,0.0,475.1851720002378,0.0,0.0,475.1851720002378,30.763894386000175,baseline_model_only,2.104442770784732
64,1,0,-1,-1,0.0,0.0,0.0,482.89745100009895,0.0,0.0,482.89745100009895,31.246803287999683,baseline_model_only,2.07083304732498
65,2,0,-1,-1,0.0,0.0,0.0,485.94352300005994,0.0,0.0,485.94352300005994,31.732759755999723,baseline_model_only,2.057852307252332
66,3,0,-1,-1,0.0,0.0,0.0,487.89589700027136,0.0,0.0,487.89589700027136,32.22067003000029,baseline_model_only,2.0496175642146133
67,4,0,-1,-1,0.0,0.0,0.0,486.69627099934587,0.0,0.0,486.69627099934587,32.7073805379996,baseline_model_only,2.0546695333142257
68,5,0,-1,-1,0.0,0.0,0.0,483.2391459995051,0.0,0.0,483.2391459995051,33.190633749999506,baseline_model_only,2.0693687758504233
69,6,0,-1,-1,0.0,0.0,0.0,486.35579900019366,0.0,0.0,486.35579900019366,33.67700505799985,baseline_model_only,2.0561078988997554
70,7,0,-1,-1,0.0,0.0,0.0,485.12122000011004,0.0,0.0,485.12122000011004,34.1621433399996,baseline_model_only,2.0613404624925975
71,8,0,-1,-1,0.0,0.0,0.0,473.42028900038713,0.0,0.0,473.42028900038713,34.63557557100012,baseline_model_only,2.1122880096910723
72,0,0,-1,-1,0.0,0.0,0.0,514.5512219996817,0.0,0.0,514.5512219996817,35.150141019999865,baseline_model_only,1.9434411138190213
73,1,0,-1,-1,0.0,0.0,0.0,477.0724119998704,0.0,0.0,477.0724119998704,35.62722847999976,baseline_model_only,2.0961178530698015
74,2,0,-1,-1,0.0,0.0,0.0,498.96962300044834,0.0,0.0,498.96962300044834,36.12621324100019,baseline_model_only,2.004130018951277
75,3,0,-1,-1,0.0,0.0,0.0,492.0179119999375,0.0,0.0,492.0179119999375,36.61824450799941,baseline_model_only,2.032446330937901
76,4,0,-1,-1,0.0,0.0,0.0,518.1350739994741,0.0,0.0,518.1350739994741,37.13639468099973,baseline_model_only,1.9299986628602852
77,5,0,-1,-1,0.0,0.0,0.0,483.2199380007296,0.0,0.0,483.2199380007296,37.61963451700012,baseline_model_only,2.069451033285986
78,6,0,-1,-1,0.0,0.0,0.0,482.4582769997505,0.0,0.0,482.4582769997505,38.102105897999536,baseline_model_only,2.0727180933005678
79,7,0,-1,-1,0.0,0.0,0.0,475.9948909995728,0.0,0.0,475.9948909995728,38.57811405299981,baseline_model_only,2.100862885103734
80,8,0,-1,-1,0.0,0.0,0.0,482.0252210001854,0.0,0.0,482.0252210001854,39.06015239899989,baseline_model_only,2.0745802427620594
81,0,0,-1,-1,0.0,0.0,0.0,489.87520599985146,0.0,0.0,489.87520599985146,39.55004135099989,baseline_model_only,2.041336217371865
82,1,0,-1,-1,0.0,0.0,0.0,487.1802210000169,0.0,0.0,487.1802210000169,40.03723445699961,baseline_model_only,2.05262848714863
83,2,0,-1,-1,0.0,0.0,0.0,488.04342899984476,0.0,0.0,488.04342899984476,40.525290640000094,baseline_model_only,2.048997979645615
84,3,0,-1,-1,0.0,0.0,0.0,493.0208659998243,0.0,0.0,493.0208659998243,41.01832405999994,baseline_model_only,2.028311718555856
85,4,0,-1,-1,0.0,0.0,0.0,489.05273800028226,0.0,0.0,489.05273800028226,41.50739001300008,baseline_model_only,2.0447692494043923
86,5,0,-1,-1,0.0,0.0,0.0,484.0414400005102,0.0,0.0,484.0414400005102,41.99144461800006,baseline_model_only,2.0659388171371154
87,6,0,-1,-1,0.0,0.0,0.0,488.297510000848,0.0,0.0,488.297510000848,42.479757066000275,baseline_model_only,2.0479318028844
88,7,0,-1,-1,0.0,0.0,0.0,480.91017800015834,0.0,0.0,480.91017800015834,42.960679896999864,baseline_model_only,2.079390384621202
89,8,0,-1,-1,0.0,0.0,0.0,484.80912699960754,0.0,0.0,484.80912699960754,43.44550208799956,baseline_model_only,2.062667438191215
90,0,0,-1,-1,0.0,0.0,0.0,489.63191300026665,0.0,0.0,489.63191300026665,43.935146435000206,baseline_model_only,2.042350536084145
91,1,0,-1,-1,0.0,0.0,0.0,485.3751549999288,0.0,0.0,485.3751549999288,44.420538571999714,baseline_model_only,2.0602620255668973
92,2,0,-1,-1,0.0,0.0,0.0,477.8873940003905,0.0,0.0,477.8873940003905,44.89843801799998,baseline_model_only,2.09254316509379
93,3,0,-1,-1,0.0,0.0,0.0,472.8660820001096,0.0,0.0,472.8660820001096,45.371320680999816,baseline_model_only,2.1147636467607085
94,4,0,-1,-1,0.0,0.0,0.0,482.90633800024807,0.0,0.0,482.90633800024807,45.85423858099966,baseline_model_only,2.0707949374636003
95,5,0,-1,-1,0.0,0.0,0.0,473.8117920005607,0.0,0.0,473.8117920005607,46.328062085000056,baseline_model_only,2.110542660362528
96,6,0,-1,-1,0.0,0.0,0.0,476.8026820001978,0.0,0.0,476.8026820001978,46.80487694000021,baseline_model_only,2.0973036389077717
97,7,0,-1,-1,0.0,0.0,0.0,496.9069529997796,0.0,0.0,496.9069529997796,47.30179904099987,baseline_model_only,2.012449199921828
98,8,0,-1,-1,0.0,0.0,0.0,476.7586260004464,0.0,0.0,476.7586260004464,47.77857121299985,baseline_model_only,2.0974974451727353
99,0,0,-1,-1,0.0,0.0,0.0,474.27171700019244,0.0,0.0,474.27171700019244,48.252856664999854,baseline_model_only,2.108495961608426
0,0,0,0,0,0.0,11.841559000458801,0.0,491.20538599981955,0.0,0.4430410008353647,503.49135900069086,0.5037840370005142,baseline_end_to_end,1.9861314044887668
1,1,0,0,0,0.0,9.990359000767057,0.0,489.5692410000265,0.0,0.4306070004531648,499.9916500000836,1.004007231000287,baseline_end_to_end,2.000033400557455
2,2,0,0,0,0.0,13.44764099940221,0.0,469.55997300028685,0.0,0.38882900025782874,483.3982959999048,1.4876172240001324,baseline_end_to_end,2.068687474231802
3,3,0,0,0,0.0,9.778482000001532,0.0,482.6258009998128,0.0,0.45990199942025356,492.8655470002923,1.9806862929999625,baseline_end_to_end,2.0289509098095
4,4,0,0,0,0.0,13.138491000063368,0.0,476.5854009992836,0.0,0.4366490002212231,490.1617429995895,2.471074830999896,baseline_end_to_end,2.04014290034226
5,5,0,0,0,0.0,11.56989999981306,0.0,489.1177080007765,0.0,0.4613940000126604,501.15053499939677,2.9724397979998685,baseline_end_to_end,1.9954084255366578
6,6,0,0,0,0.0,12.48167999983707,0.0,482.6716280003893,0.0,0.4437219995452324,495.5992429995604,3.468258373000026,baseline_end_to_end,2.017759337055499
7,7,0,0,0,0.0,9.956044999853475,0.0,497.0307590001539,0.0,0.4464670000743354,507.4354359994686,3.975911055999859,baseline_end_to_end,1.970694060871711
8,8,0,0,0,0.0,12.504442000135896,0.0,484.2879839998204,0.0,0.4262590000507771,497.2219319997748,4.473348071000146,baseline_end_to_end,2.011174358255084
9,0,0,0,0,0.0,10.117627999534307,0.0,495.71454799934145,0.0,0.4475089999687043,506.28068700007134,4.9799256149999565,baseline_end_to_end,1.9751889133386182
10,1,0,0,0,0.0,11.884160000590782,0.0,473.9952539994192,0.0,0.4422589991008863,486.32329599968216,5.4665002029996685,baseline_end_to_end,2.056245317108259
11,2,0,0,0,0.0,12.484245000450755,0.0,482.56899999978486,0.0,0.41173099998559337,495.4671010000311,5.962186624999958,baseline_end_to_end,2.0182974772323727
12,3,0,0,0,0.0,11.11029999992752,0.0,469.7316479996516,0.0,0.4424799999469542,481.28636999990704,6.443677027999911,baseline_end_to_end,2.077765052852407
13,4,0,0,0,0.0,11.685517999467265,0.0,479.27836700000626,0.0,0.4251569998814375,491.39026400007424,6.935461742000371,baseline_end_to_end,2.035042354847814
14,5,0,0,0,0.0,13.325222000275971,0.0,470.8209260006697,0.0,0.4182740003670915,484.5659249995151,7.420247940000081,baseline_end_to_end,2.0637026840073425
15,6,0,0,0,0.0,9.805543000766193,0.0,481.77523400045175,0.0,0.391774000490841,491.9738739999957,7.912429073000567,baseline_end_to_end,2.032628261069019
16,7,0,0,0,0.0,11.403810000047088,0.0,469.52379000049405,0.0,0.44136700034869136,481.3703899999382,8.394016561000171,baseline_end_to_end,2.0774023927814262
17,8,0,0,0,0.0,10.08814299984806,0.0,478.8338959997418,0.0,0.4017330002170638,489.32508599955327,8.883557862000089,baseline_end_to_end,2.04363117406352
18,0,0,0,0,0.0,10.851303999515949,0.0,474.38902799967764,0.0,0.4219610000291141,485.6642170007035,9.369513225000446,baseline_end_to_end,2.059035780267401
19,1,0,0,0,0.0,9.855448000053002,0.0,488.7145180000516,0.0,0.45162700007495005,499.02378499973565,9.868752072999996,baseline_end_to_end,2.0039124988812502
20,2,0,0,0,0.0,13.991642999826581,0.0,507.81644599919673,0.0,0.431878999734181,522.241199999371,10.39121248399988,baseline_end_to_end,1.9148240315034593
21,3,0,0,0,0.0,9.867911000583263,0.0,491.5400410000075,0.0,0.4352959995230776,501.8449409999448,10.89327380099985,baseline_end_to_end,1.9926473663507749
22,4,0,0,0,0.0,14.956410999729997,0.0,484.133209999527,0.0,0.4828549999729148,499.57438000001275,11.393066710999847,baseline_end_to_end,2.0017039304537083
23,5,0,0,0,0.0,11.609055000008084,0.0,503.6031749996255,0.0,0.38485199911519885,515.5986549998488,11.908872543999678,baseline_end_to_end,1.9394930345586205
24,6,0,0,0,0.0,11.24651600002835,0.0,480.29723499985266,0.0,0.43977400036965264,491.9849369998701,12.40106538100008,baseline_end_to_end,2.0325825544538247
25,7,0,0,0,0.0,9.81834800040815,0.0,481.4318230000936,0.0,0.4003310004918603,491.6517740002746,12.892936076000296,baseline_end_to_end,2.033959914074146
26,8,0,0,0,0.0,11.370709000402712,0.0,470.1096500002677,0.0,0.435205999565369,481.9169479997072,13.375054801999795,baseline_end_to_end,2.0750463418037075
27,0,0,0,0,0.0,10.830635999809601,0.0,490.6554730005155,0.0,0.4522180006460985,501.9396590005272,13.877305484000317,baseline_end_to_end,1.9922713459048467
28,1,0,0,0,0.0,9.695327999907022,0.0,483.26964100033365,0.0,0.43443499998829793,493.4011459999965,14.370926722999684,baseline_end_to_end,2.0267484340216897
29,2,0,0,0,0.0,14.088805000028515,0.0,481.92731399922195,0.0,0.406482000471442,496.4241050001874,14.867559058000552,baseline_end_to_end,2.0144066130705367
30,3,0,0,0,0.0,9.538684999824909,0.0,514.8303010000745,0.0,0.4521370001384639,524.8226650001016,15.392588941000213,baseline_end_to_end,1.9054055144508792
31,4,0,0,0,0.0,14.587899999241927,0.0,481.6899569996167,0.0,0.45653599954675883,496.73590600013995,15.889543506999871,baseline_end_to_end,2.0131421705595773
32,5,0,0,0,0.0,11.17622499987192,0.0,485.5744050000794,0.0,0.4150180002397974,497.16695999995864,16.386932944000364,baseline_end_to_end,2.0113967348113464
33,6,0,0,0,0.0,11.462661000223306,0.0,479.62189500049135,0.0,0.527629000316665,491.61422999986826,16.878754653000215,baseline_end_to_end,2.034115245200018
34,7,0,0,0,0.0,10.263963999932457,0.0,487.9215420005494,0.0,0.522399999681511,498.70933900001546,17.37774091099982,baseline_end_to_end,2.0051760049353495
35,8,0,0,0,0.0,11.791588999585656,0.0,488.0206790003285,0.0,0.46465099967463175,500.278341000012,17.87824605700007,baseline_end_to_end,1.9988872554448165
36,0,0,0,0,0.0,9.97146600002452,0.0,480.5937589999303,0.0,0.5245629999990342,491.09171199961565,18.36964278100004,baseline_end_to_end,2.0362795289870066
37,1,0,0,0,0.0,12.207489000502392,0.0,490.7923620003203,0.0,0.4506349996518111,503.4521779998613,18.873422724000193,baseline_end_to_end,1.9862859745146946
38,2,0,0,0,0.0,12.323376000495045,0.0,486.2534570002026,0.0,0.42660000053729163,499.00527600038913,19.372638245000417,baseline_end_to_end,2.003986827584605
39,3,0,0,0,0.0,11.689607999869622,0.0,476.82629200062365,0.0,0.4288039999664761,488.9462069995716,19.861801469000056,baseline_end_to_end,2.045214761223981
40,4,0,0,0,0.0,11.321637999571976,0.0,510.866452999835,0.0,0.44686799992632587,522.6363509991643,20.384668341999713,baseline_end_to_end,1.9133762856108703
41,5,0,0,0,0.0,13.360861999899498,0.0,484.0566149996448,0.0,0.42806300007214304,497.8471329995955,20.882746547999886,baseline_end_to_end,2.0086487070335552
42,6,0,0,0,0.0,11.196523999387864,0.0,486.9625900000756,0.0,0.44147799962956924,498.6032859997067,21.38158202900013,baseline_end_to_end,2.0056025061988625
43,7,0,0,0,0.0,12.116568000237748,0.0,494.21139199967,0.0,0.38856799983477686,506.71812200016575,21.888518841000405,baseline_end_to_end,1.9734837902633229
44,8,0,0,0,0.0,10.583835000034014,0.0,492.07353000019793,0.0,0.40151299981516786,503.060469999582,22.391780719000053,baseline_end_to_end,1.9878325959517966
0,0,0,-1,-1,0.0,0.0,0.0,795.1443450001534,0.0,0.0,795.1443450001534,0.7952179929998238,max_model_only_throughput,1.2576332917261797
1,1,1,-1,-1,0.0,0.0,0.0,853.6005639998621,0.0,0.0,853.6005639998621,0.8537987859999703,max_model_only_throughput,1.1715081294160925
2,2,3,-1,-1,0.0,0.0,0.0,881.0901499991814,0.0,0.0,881.0901499991814,0.8813825079996604,max_model_only_throughput,1.1349576430980746
3,3,2,-1,-1,0.0,0.0,0.0,793.2169010000507,0.0,0.0,793.2169010000507,0.7936097880001398,max_model_only_throughput,1.2606892247747707
4,4,2,-1,-1,0.0,0.0,0.0,756.3466559995504,0.0,0.0,756.3466559995504,1.5499780039999678,max_model_only_throughput,1.3221450667729195
5,5,0,-1,-1,0.0,0.0,0.0,773.4858120002173,0.0,0.0,773.4858120002173,1.5687312970003404,max_model_only_throughput,1.2928485364379496
6,6,1,-1,-1,0.0,0.0,0.0,771.6362050005046,0.0,0.0,771.6362050005046,1.625466561000394,max_model_only_throughput,1.2959474860298268
7,7,3,-1,-1,0.0,0.0,0.0,760.3640789993733,0.0,0.0,760.3640789993733,1.6418015099998229,max_model_only_throughput,1.3151594448227797
8,8,2,-1,-1,0.0,0.0,0.0,733.4600469994257,0.0,0.0,733.4600469994257,2.2834689689998413,max_model_only_throughput,1.3634007797575143
9,0,0,-1,-1,0.0,0.0,0.0,773.6468809998769,0.0,0.0,773.6468809998769,2.3424344439999913,max_model_only_throughput,1.2925793725266232
10,1,1,-1,-1,0.0,0.0,0.0,796.9593459993121,0.0,0.0,796.9593459993121,2.422471050999775,max_model_only_throughput,1.2547691485393073
11,2,3,-1,-1,0.0,0.0,0.0,724.0547730007165,0.0,0.0,724.0547730007165,2.3659012770003756,max_model_only_throughput,1.3811109839876856
12,3,2,-1,-1,0.0,0.0,0.0,782.0332150004106,0.0,0.0,782.0332150004106,3.065531860000192,max_model_only_throughput,1.2787180657019472
13,4,0,-1,-1,0.0,0.0,0.0,807.6935120006965,0.0,0.0,807.6935120006965,3.1501553380003315,max_model_only_throughput,1.238093392037966
14,5,3,-1,-1,0.0,0.0,0.0,709.2000669999834,0.0,0.0,709.2000669999834,3.075123665999854,max_model_only_throughput,1.4100393478953568
15,6,1,-1,-1,0.0,0.0,0.0,796.1902820006799,0.0,0.0,796.1902820006799,3.218691449000289,max_model_only_throughput,1.2559811675761525
16,7,2,-1,-1,0.0,0.0,0.0,766.8874230002984,0.0,0.0,766.8874230002984,3.8324493000000075,max_model_only_throughput,1.3039723563175594
17,8,3,-1,-1,0.0,0.0,0.0,772.6012579996677,0.0,0.0,772.6012579996677,3.8477571339999486,max_model_only_throughput,1.2943287234466683
18,0,0,-1,-1,0.0,0.0,0.0,835.0037889995292,0.0,0.0,835.0037889995292,3.9852508789999774,max_model_only_throughput,1.197599356043837
19,1,1,-1,-1,0.0,0.0,0.0,703.2849530005478,0.0,0.0,703.2849530005478,3.922008563000418,max_model_only_throughput,1.421898756305712
20,2,2,-1,-1,0.0,0.0,0.0,760.4785829998946,0.0,0.0,760.4785829998946,4.592952619000243,max_model_only_throughput,1.3149614234437141
21,3,3,-1,-1,0.0,0.0,0.0,765.2588970004217,0.0,0.0,765.2588970004217,4.613038563000373,max_model_only_throughput,1.3067473033240002
22,4,1,-1,-1,0.0,0.0,0.0,758.2470699999249,0.0,0.0,758.2470699999249,4.680314854000244,max_model_only_throughput,1.3188313408188956
23,5,0,-1,-1,0.0,0.0,0.0,768.2070359996942,0.0,0.0,768.2070359996942,4.753504973999952,max_model_only_throughput,1.3017324147502316
24,6,2,-1,-1,0.0,0.0,0.0,822.6185509993229,0.0,0.0,822.6185509993229,5.4156169859998045,max_model_only_throughput,1.2156302563140509
25,7,3,-1,-1,0.0,0.0,0.0,836.8184979999569,0.0,0.0,836.8184979999569,5.44988071500029,max_model_only_throughput,1.1950022643979024
26,8,1,-1,-1,0.0,0.0,0.0,777.5533880003422,0.0,0.0,777.5533880003422,5.457898679000209,max_model_only_throughput,1.286085322799159
27,0,0,-1,-1,0.0,0.0,0.0,789.9350170000616,0.0,0.0,789.9350170000616,5.54347944500023,max_model_only_throughput,1.2659269161122932
28,1,2,-1,-1,0.0,0.0,0.0,761.0858170000938,0.0,0.0,761.0858170000938,6.176760872000159,max_model_only_throughput,1.3139122785674993
29,2,3,-1,-1,0.0,0.0,0.0,906.768793000083,0.0,0.0,906.768793000083,6.356680044999848,max_model_only_throughput,1.1028169558983802
30,3,1,-1,-1,0.0,0.0,0.0,812.5191119997908,0.0,0.0,812.5191119997908,6.27047787399988,max_model_only_throughput,1.2307402807286305
31,4,0,-1,-1,0.0,0.0,0.0,800.46158299956,0.0,0.0,800.46158299956,6.343999136999628,max_model_only_throughput,1.249279192453824
32,5,2,-1,-1,0.0,0.0,0.0,747.8610680000202,0.0,0.0,747.8610680000202,6.924666953999804,max_model_only_throughput,1.3371467546429
33,6,1,-1,-1,0.0,0.0,0.0,752.1760800000266,0.0,0.0,752.1760800000266,7.022675223999613,max_model_only_throughput,1.3294759386658037
34,7,0,-1,-1,0.0,0.0,0.0,747.412988999713,0.0,0.0,747.412988999713,7.09145945399996,max_model_only_throughput,1.337948382912548
35,8,3,-1,-1,0.0,0.0,0.0,882.8552229997513,0.0,0.0,882.8552229997513,7.239592455000093,max_model_only_throughput,1.132688547282097
36,0,2,-1,-1,0.0,0.0,0.0,726.1577270000998,0.0,0.0,726.1577270000998,7.650859506000415,max_model_only_throughput,1.3771112842538995
37,1,1,-1,-1,0.0,0.0,0.0,761.719912999979,0.0,0.0,761.719912999979,7.784414112000377,max_model_only_throughput,1.3128185083957855
38,2,0,-1,-1,0.0,0.0,0.0,822.8425289998995,0.0,0.0,822.8425289998995,7.914334674000202,max_model_only_throughput,1.2152993613679903
39,3,3,-1,-1,0.0,0.0,0.0,648.5066230006851,0.0,0.0,648.5066230006851,7.888127461000295,max_model_only_throughput,1.5420042980793793
40,4,2,-1,-1,0.0,0.0,0.0,744.9753089995284,0.0,0.0,744.9753089995284,8.395853869999883,max_model_only_throughput,1.3423263669543082
41,5,1,-1,-1,0.0,0.0,0.0,767.3773379992781,0.0,0.0,767.3773379992781,8.55183165499966,max_model_only_throughput,1.3031398641602063
42,6,3,-1,-1,0.0,0.0,0.0,731.1082389996955,0.0,0.0,731.1082389996955,8.619289840999954,max_model_only_throughput,1.3677865282549724
43,7,0,-1,-1,0.0,0.0,0.0,722.6246110003558,0.0,0.0,722.6246110003558,8.63700176400016,max_model_only_throughput,1.383844370614036
44,8,2,-1,-1,0.0,0.0,0.0,812.944050000624,0.0,0.0,812.944050000624,9.208838737000406,max_model_only_throughput,1.230096954395856
45,0,1,-1,-1,0.0,0.0,0.0,840.7708419999835,0.0,0.0,840.7708419999835,9.39262820499971,max_model_only_throughput,1.1893847289247688
46,1,3,-1,-1,0.0,0.0,0.0,686.1079099999188,0.0,0.0,686.1079099999188,9.30543919899992,max_model_only_throughput,1.4574966786203039
47,2,0,-1,-1,0.0,0.0,0.0,717.449461999422,0.0,0.0,717.449461999422,9.354496580999694,max_model_only_throughput,1.3938263988841149
48,3,2,-1,-1,0.0,0.0,0.0,703.5276229998999,0.0,0.0,703.5276229998999,9.912390114000118,max_model_only_throughput,1.4214082962882357
49,4,3,-1,-1,0.0,0.0,0.0,710.3158829995664,0.0,0.0,710.3158829995664,10.015780961000019,max_model_only_throughput,1.4078243552391612
50,5,0,-1,-1,0.0,0.0,0.0,683.0221430000165,0.0,0.0,683.0221430000165,10.037547998999798,max_model_only_throughput,1.4640813775198147
51,6,1,-1,-1,0.0,0.0,0.0,700.7786889998897,0.0,0.0,700.7786889998897,10.093438343000344,max_model_only_throughput,1.4269840331861996
52,7,2,-1,-1,0.0,0.0,0.0,680.4504550000274,0.0,0.0,680.4504550000274,10.59286082699964,max_model_only_throughput,1.4696147128007426
53,8,3,-1,-1,0.0,0.0,0.0,739.9989209998239,0.0,0.0,739.9989209998239,10.755826970999806,max_model_only_throughput,1.3513533217709084
54,0,0,-1,-1,0.0,0.0,0.0,705.7907850003176,0.0,0.0,705.7907850003176,10.743382315000417,max_model_only_throughput,1.4168504622790592
55,1,1,-1,-1,0.0,0.0,0.0,743.490820000261,0.0,0.0,743.490820000261,10.836975150000399,max_model_only_throughput,1.345006519380628
56,2,2,-1,-1,0.0,0.0,0.0,618.9853609994316,0.0,0.0,618.9853609994316,11.211871544999667,max_model_only_throughput,1.6155470920756045
57,3,0,-1,-1,0.0,0.0,0.0,706.393620000199,0.0,0.0,706.393620000199,11.449808766000388,max_model_only_throughput,1.41564132473297
58,4,3,-1,-1,0.0,0.0,0.0,762.8225859998565,0.0,0.0,762.8225859998565,11.518692055999963,max_model_only_throughput,1.3109208069518121
59,5,1,-1,-1,0.0,0.0,0.0,716.412288000356,0.0,0.0,716.412288000356,11.553438564000317,max_model_only_throughput,1.3958442879186113
60,6,2,-1,-1,0.0,0.0,0.0,718.4253979994537,0.0,0.0,718.4253979994537,11.930320866999864,max_model_only_throughput,1.3919329728384136
61,7,0,-1,-1,0.0,0.0,0.0,723.3352570001443,0.0,0.0,723.3352570001443,12.173180079999838,max_model_only_throughput,1.3824848026173298
62,8,3,-1,-1,0.0,0.0,0.0,764.2781219992685,0.0,0.0,764.2781219992685,12.283016585999576,max_model_only_throughput,1.3084242126205428
63,0,1,-1,-1,0.0,0.0,0.0,722.9576979998455,0.0,0.0,722.9576979998455,12.276430836000145,max_model_only_throughput,1.3832067944869073
64,1,2,-1,-1,0.0,0.0,0.0,669.4578679998813,0.0,0.0,669.4578679998813,12.59979558699979,max_model_only_throughput,1.4937459813381078
65,2,0,-1,-1,0.0,0.0,0.0,680.8248070001355,0.0,0.0,680.8248070001355,12.854025835999892,max_model_only_throughput,1.4688066441148362
66,3,1,-1,-1,0.0,0.0,0.0,722.8486929998326,0.0,0.0,722.8486929998326,12.999322159000258,max_model_only_throughput,1.3834153809561245
67,4,3,-1,-1,0.0,0.0,0.0,726.7820389997723,0.0,0.0,726.7820389997723,13.00983502300005,max_model_only_throughput,1.3759283338595456
68,5,2,-1,-1,0.0,0.0,0.0,711.2570859999323,0.0,0.0,711.2570859999323,13.311070345999724,max_model_only_throughput,1.4059613882006303
69,6,0,-1,-1,0.0,0.0,0.0,799.998090000372,0.0,0.0,799.998090000372,13.654046448000372,max_model_only_throughput,1.250002984381544
70,7,1,-1,-1,0.0,0.0,0.0,815.7698270006222,0.0,0.0,815.7698270006222,13.815147340000294,max_model_only_throughput,1.2258359734592603
71,8,3,-1,-1,0.0,0.0,0.0,759.6534760004943,0.0,0.0,759.6534760004943,13.769554903000426,max_model_only_throughput,1.3163896850244248
72,0,2,-1,-1,0.0,0.0,0.0,686.9390330002716,0.0,0.0,686.9390330002716,13.998033554999893,max_model_only_throughput,1.4557332630123008
73,1,0,-1,-1,0.0,0.0,0.0,700.8838629999445,0.0,0.0,700.8838629999445,14.354955628000425,max_model_only_throughput,1.4267699012497868
74,2,3,-1,-1,0.0,0.0,0.0,752.9235929996503,0.0,0.0,752.9235929996503,14.522521185999722,max_model_only_throughput,1.3281560164903272
75,3,1,-1,-1,0.0,0.0,0.0,750.1222700002472,0.0,0.0,750.1222700002472,14.565333419000126,max_model_only_throughput,1.3331159998751543
76,4,2,-1,-1,0.0,0.0,0.0,647.8462690001834,0.0,0.0,647.8462690001834,14.645926752000378,max_model_only_throughput,1.5435760732917285
77,5,0,-1,-1,0.0,0.0,0.0,717.6509040000383,0.0,0.0,717.6509040000383,15.072656737000216,max_model_only_throughput,1.3934351568794885
78,6,3,-1,-1,0.0,0.0,0.0,768.0976639994697,0.0,0.0,768.0976639994697,15.29065047899985,max_model_only_throughput,1.3019177727907925
79,7,1,-1,-1,0.0,0.0,0.0,743.5983719997239,0.0,0.0,743.5983719997239,15.308970424000108,max_model_only_throughput,1.3448119813801467
80,8,2,-1,-1,0.0,0.0,0.0,735.8876240004975,0.0,0.0,735.8876240004975,15.381858929000373,max_model_only_throughput,1.3589031360029014
81,0,0,-1,-1,0.0,0.0,0.0,723.8176350001595,0.0,0.0,723.8176350001595,15.796511260999978,max_model_only_throughput,1.3815634652225344
82,1,3,-1,-1,0.0,0.0,0.0,767.090685999392,0.0,0.0,767.090685999392,16.05778686099984,max_model_only_throughput,1.303626830897009
83,2,1,-1,-1,0.0,0.0,0.0,778.6691089995657,0.0,0.0,778.6691089995657,16.087673936999636,max_model_only_throughput,1.2842425472416652
84,3,2,-1,-1,0.0,0.0,0.0,719.554713999969,0.0,0.0,719.554713999969,16.101453838000452,max_model_only_throughput,1.3897483826366026
85,4,0,-1,-1,0.0,0.0,0.0,690.7775210002001,0.0,0.0,690.7775210002001,16.487315901999864,max_model_only_throughput,1.4476440961079138
86,5,3,-1,-1,0.0,0.0,0.0,730.3931140004352,0.0,0.0,730.3931140004352,16.78822536000007,max_model_only_throughput,1.3691257226165527
87,6,1,-1,-1,0.0,0.0,0.0,719.2547670001659,0.0,0.0,719.2547670001659,16.806969250000293,max_model_only_throughput,1.3903279420319357
88,7,2,-1,-1,0.0,0.0,0.0,723.252634000346,0.0,0.0,723.252634000346,16.824751907000064,max_model_only_throughput,1.3826427350412134
89,8,0,-1,-1,0.0,0.0,0.0,562.9613569999492,0.0,0.0,562.9613569999492,17.050333825000052,max_model_only_throughput,1.776320856779678
0,0,2,2,15,0.0026549996618996374,47.78071500004444,0.19540599987522,620.0223299993013,0.12041600075463066,5.486869000378647,673.8037880004413,0.6738635700003215,max_end_to_end_throughput,1.4841115734412362
1,1,0,1,14,0.0012119999155402184,43.797565000204486,0.4094579999218695,1025.545864000378,0.13846999991073972,9.397654000167677,1079.3879550001293,1.0800009149998004,max_end_to_end_throughput,0.9264509534015323
2,2,2,3,5,0.001231999704032205,61.0671309996178,606.2225920004494,527.9845810000552,0.13404099991021212,5.013912999856984,1200.50703600009,1.2014363990001584,max_end_to_end_throughput,0.8329813737134357
3,3,1,0,3,0.001422000423190184,45.97450700021,0.38158600000315346,1030.6571789997179,0.3243179999117274,4.844334000154049,1082.3070690003078,1.0834569759999795,max_end_to_end_throughput,0.9239522023298506
4,4,0,1,4,0.008044999958656263,36.70610599965585,988.979038999787,979.5947230004458,0.14940999972168356,1.410425000358373,2007.0732200001657,2.051670374999958,max_end_to_end_throughput,0.4982379267657796
5,5,1,0,0,0.005068999598734081,36.75585900055012,994.1544949997478,991.2638659998265,0.9851980003077188,7.044740999845089,2030.4404219996286,2.0776879269997153,max_end_to_end_throughput,0.4925039854236033
6,6,2,2,7,0.001793000592442695,36.58409699983167,1111.5941250000105,559.7803749997183,0.13533400033338694,1.5373030000773724,1709.7482220005986,1.7577925510004206,max_end_to_end_throughput,0.5848814387593788
7,7,2,3,1,0.00546000046597328,47.35122900001443,1646.4228360000561,555.4454469993289,0.14342899976327317,2.078518000416807,2251.7036710005414,2.313839657000244,max_end_to_end_throughput,0.4441081714609682
8,8,0,1,2,0.00959799945121631,45.19699899992702,1922.896662000312,923.706644000049,0.753463000364718,13.516087000425614,2906.4808570001333,2.988138722000258,max_end_to_end_throughput,0.34405869131790195
9,0,2,0,9,0.0049899999794433825,49.873359000230266,2177.279682000517,514.174904000356,0.16164299995580222,1.5847220001887763,2743.3389170000737,2.8275956659999792,max_end_to_end_throughput,0.36451930667521426
10,1,1,2,10,0.0013019998732488602,43.6210640000354,1941.2617030002366,917.0895350007413,0.22279800032265484,2.2998630001893616,2904.6165899999323,2.989357718000065,max_end_to_end_throughput,0.34427951814460417
11,2,2,3,6,0.008795999747235328,52.4318569996467,2663.23029600062,570.4571980004403,0.12038600016239798,1.354219999484485,3288.0101769997054,3.397829644999547,max_end_to_end_throughput,0.304135311683401
12,3,0,1,11,0.024807000045257155,36.98598199935077,2808.6321370001315,978.1562379994284,0.11793199973908486,10.558411000602064,3835.341309000796,3.9627515250003853,max_end_to_end_throughput,0.2607329881315114
13,4,1,2,13,0.00350600021192804,37.468325999725494,2820.811056999446,973.7289260001489,0.2930290002041147,1.9898809996448108,3834.4504380002036,3.9629345379998995,max_end_to_end_throughput,0.26079356511947355
14,5,2,0,12,0.05935100034548668,33.96863299985853,3226.9161550002536,524.5438169995396,0.4271609996067127,2.0609550001609023,3788.8641270001244,3.9234479759998067,max_end_to_end_throughput,0.26393134366413956
15,6,2,3,8,511.2052530002984,20.060009000189893,3226.665774999674,549.2831770006887,0.13247800052340608,1.2419690001479466,4308.946172000105,4.471696882999822,max_end_to_end_throughput,0.23207530567406112
16,7,0,1,15,914.7288359999948,20.909892999952717,2850.6835530006356,916.551117000381,0.1740159996188595,1.25048500012781,4704.73574100015,4.870100273999924,max_end_to_end_throughput,0.21255178931418928
17,8,1,2,14,917.4374450003597,19.872286999998323,2856.9430620000276,933.0812170001082,0.1992939996853238,2.027282000199193,4729.947252000784,4.896075878000374,max_end_to_end_throughput,0.21141884818630832
18,0,2,0,3,1032.0373300000938,21.121429999766406,3247.221217000515,519.9923170002876,0.19660799989651423,2.503495000382827,4823.5535900003015,4.993064549000337,max_end_to_end_throughput,0.20731603398645718
19,1,0,3,7,1063.4723879993544,16.747697000027983,3093.749638999725,931.3613220001571,0.19697900006576674,1.453866999327147,5107.345003999399,5.801751809999587,max_end_to_end_throughput,0.19579644594538492
20,2,1,1,4,950.2144950001821,24.830965999171895,2817.083994999848,940.3150839998489,0.16730399966036202,1.8137719998776447,4734.70297699987,5.83620982299999,max_end_to_end_throughput,0.2112064906410765
21,3,2,2,5,973.9023679994716,22.774840999773005,2889.5753650003826,545.2546690003146,0.14236700008041225,1.1627710000539082,4433.1116619996465,5.536973674999899,max_end_to_end_throughput,0.22557518877134022
22,4,2,0,0,1090.7317459996193,25.0722990003851,3196.3611289993423,586.3318070005334,0.5811000000903732,1.7396229995938484,4901.166808999733,6.124370829999862,max_end_to_end_throughput,0.2040330474293911
23,5,0,3,9,1052.6598540000123,22.961120000218216,2949.118038999586,899.6441600002072,0.3241079994040774,1.7385210003340035,4926.867262000087,6.701906246999897,max_end_to_end_throughput,0.20296873181723285
24,6,1,1,2,911.3381590004792,23.699815000327362,2821.9786679992467,904.659917000572,0.664535999931104,1.091586999791616,4663.810902000478,6.740703337000014,max_end_to_end_throughput,0.21441692663205186
25,7,2,2,1,888.4961119993022,23.436391999894113,3108.9250569993965,499.455625000337,3.087480999965919,1.5621899992765975,4525.274109999373,6.626226315999702,max_end_to_end_throughput,0.22098108881190814
26,8,2,0,10,1058.464367999477,23.359899000752193,3200.1003140003377,559.7280309993948,0.16399800006183796,1.3798070003758767,4843.490780000138,7.182908515000236,max_end_to_end_throughput,0.20646266203896263
27,0,0,3,6,1072.4759610002366,20.3161210001781,2755.5873689998407,933.902628999931,0.3656050002973643,1.705930000753142,4784.85075700064,7.635945783000352,max_end_to_end_throughput,0.20899293432233296
28,1,2,1,11,950.5796220000775,25.038327000402205,3192.8855859996474,543.0936610000572,0.19241099926148308,1.4404410003407975,4713.756955999997,7.7261522480002895,max_end_to_end_throughput,0.21214500648514142
29,2,1,2,12,950.4437269997652,24.56762399924628,2750.674187000186,923.3983600006468,2.097062999382615,1.7513749999125139,4653.06059500017,7.6662729390000095,max_end_to_end_throughput,0.2149123097761772
30,3,0,0,15,1050.1356029999442,13.388178000241169,3148.4914479997315,999.2979049993664,0.41196199981641257,0.9516449999864562,5213.003463999485,8.634618434999538,max_end_to_end_throughput,0.1918279945344189
31,4,1,3,8,925.7123770003091,24.763581000115664,2767.301270000644,956.9942669995726,0.15876800080150133,1.2403959999574,4676.458478999848,8.620906117999766,max_end_to_end_throughput,0.21383703169623128
32,5,2,2,13,907.7065399997082,15.563177000331052,2812.573424999755,576.3584800006356,0.1124399996115244,1.2842079995607492,4313.9031719993,8.302330548999635,max_end_to_end_throughput,0.23180863365010232
33,6,2,1,14,1004.612556000211,17.613972999242833,3289.8568000000523,552.387286999874,0.14787799955229275,0.8633689994894667,4865.847729000052,8.854382567999892,max_end_to_end_throughput,0.20551403490086267
34,7,1,0,5,1051.5454300002602,23.275720999663463,3058.945321000465,842.9631389999486,0.20913199932692805,0.6935000001249136,4977.942837000228,9.463424853000106,max_end_to_end_throughput,0.2008861959135338
35,8,0,3,7,906.623328999558,23.727468000288354,2807.398461000048,947.9744019999998,0.20614599998225458,0.659245999486302,4686.980998999388,9.58221776299979,max_end_to_end_throughput,0.21335695626107457
36,0,2,2,3,924.2519299996275,24.31540099951235,2992.518193000251,502.7825099996335,0.13686599959328305,1.2662340004681027,4445.571457999904,9.357613078000213,max_end_to_end_throughput,0.22494295940299822
37,1,2,1,4,1113.2695349997448,16.546551999454095,3214.8470699994505,530.1572339994891,0.1413749996572733,0.6161649998830399,4875.989541999843,9.887178762000076,max_end_to_end_throughput,0.20508657604500502
38,2,1,0,0,1065.6093799998416,26.629901999513095,2809.213312999418,882.7626289994441,0.28158799977973104,1.0558900003161398,4785.966970000118,10.346677161000116,max_end_to_end_throughput,0.20894419168964207
39,3,0,3,9,875.9604630004105,18.79570999972202,2860.2276199999324,865.3753319995303,0.22498199996334733,0.6492470001830952,4621.623827000803,10.447667985000407,max_end_to_end_throughput,0.2163741657548422
40,4,2,2,1,879.839228999117,22.62182499998744,3122.642248000375,509.1060459999426,1.0582149998299428,0.8255779994215118,4536.509811999167,10.397459320999587,max_end_to_end_throughput,0.22043377870692096
41,5,1,1,6,1044.1692189997411,27.90566499970737,3131.626876000155,946.7772760008302,0.279042999864032,0.8793790002528112,5151.897816999735,11.293349771000067,max_end_to_end_throughput,0.19410322865882482
42,6,2,0,2,982.6165280001078,27.891447999536467,2731.2457729995003,521.5447069995207,0.14637399999628542,0.5228099998930702,4264.425289999963,10.917857647999881,max_end_to_end_throughput,0.23449818721059332
43,7,0,3,10,945.1119309997011,18.412892000014836,2761.5662489997703,780.110378000245,0.13668700012203772,0.5478869998114533,4506.382134999512,11.22765153599994,max_end_to_end_throughput,0.22190750141523632
44,8,2,2,12,962.3104359998251,21.204777999628277,3169.4816409999476,521.6177180000159,0.13930200020695338,0.974257000052603,4676.080573000036,11.439990222000233,max_end_to_end_throughput,0.21385431332686156
45,0,0,1,13,1088.5643719993823,18.076079999445938,2906.2128599998687,790.6348950000393,0.17692100027488777,0.6201229998623603,4804.633856999317,12.018463442999746,max_end_to_end_throughput,0.20813240504127392
46,1,1,0,8,956.508125000255,24.01594999992085,2646.8416090001483,926.8146790000173,0.12418300048011588,0.4892979995929636,4555.198832999849,12.219674400999793,max_end_to_end_throughput,0.21952938535977032
47,2,2,3,11,949.3530259996987,25.812468999902194,2777.996797999549,511.3040579999506,0.09532900003250688,0.49249400035478175,4265.470944999834,11.950816653999937,max_end_to_end_throughput,0.23444070136551803
48,3,2,2,15,1106.5737349999836,22.770584000681993,3072.7781499999764,565.5746649999855,0.12047600012010662,0.7581720001326175,4768.851611000173,12.516720196000279,max_end_to_end_throughput,0.20969409022778748
49,4,0,1,14,1036.8240210000295,18.31072100048914,2641.4307349996307,780.3621079992809,0.12275000062800245,2.552707000177179,4479.9137840000185,12.80077462600002,max_end_to_end_throughput,0.22321858147616438
50,5,1,0,3,818.047149999984,18.311632000404643,2736.8478300004426,834.9220950003655,0.19590800002333708,1.4922390000720043,4410.261899000034,13.055725453000377,max_end_to_end_throughput,0.22674390385449358
51,6,2,3,5,921.2803789996542,17.8842209998038,2915.331459000299,568.0130000000645,0.15550100033578929,1.7898870000863099,4424.84140400029,13.085847477000243,max_end_to_end_throughput,0.22599680049457757
52,7,0,2,7,1009.6781169995666,14.526343000397901,2896.108997999363,738.4724300000016,0.14335800005937926,0.6978890005484573,4659.882586000094,13.537456238000232,max_end_to_end_throughput,0.21459768171076826
53,8,1,1,0,970.5570329997499,16.563624000809796,2690.2729599996746,913.3067650000157,0.21011400076531572,1.1699340002451208,4592.400841000199,13.968779664000067,max_end_to_end_throughput,0.21775102710376773
54,0,2,0,4,915.2006160002202,16.192868999496568,2669.882739000059,592.8884909999397,0.3005340004165191,1.5490859996134532,4196.43063500007,13.67877443999987,max_end_to_end_throughput,0.23829775515876803
55,1,0,3,9,847.125485000106,15.14131699968857,3073.4553100000994,707.7288460004638,0.13498299995262641,0.7445259998348774,4644.649836999633,14.245274881999649,max_end_to_end_throughput,0.21530148344745476
56,2,2,2,1,1015.8255390006161,22.09982700060209,2736.7065759999605,518.0404550001185,0.5822419998366968,1.0276279999743565,4294.567723,14.196646278999651,max_end_to_end_throughput,0.23285230656496506
57,3,1,1,10,863.799624999956,23.24559600037901,2716.278302000319,1010.6748199996218,0.1522350003142492,0.8289649995276704,4615.224593999301,14.979114746999585,max_end_to_end_throughput,0.21667417904216332
58,4,2,0,2,879.2931929992847,24.08897799978149,2877.0531079999273,590.0905909993526,0.11836199973913608,0.5966689996057539,4371.744545999718,14.785886695000045,max_end_to_end_throughput,0.2287416360855373
59,5,0,3,6,976.7897060000905,26.788271000441455,2777.2815220005214,777.0247180005754,0.13341000067157438,0.7661469999220571,4559.086911999657,15.02237067399983,max_end_to_end_throughput,0.2193421663815992
60,6,2,2,12,1010.524990999329,17.206850999173184,2816.9438969998737,555.8729390004373,0.13521399978344562,0.8034069996938342,4401.704164999501,15.342045299999882,max_end_to_end_throughput,0.22718473630090344
61,7,1,1,8,767.2765780007467,19.315094999910798,2939.8964780002643,966.160915000728,0.22627500038652215,1.0723209998104721,4694.39421900006,15.94564832099968,max_end_to_end_throughput,0.2130200305616871
62,8,0,0,11,901.6029039994464,17.303943000115396,2784.271387999979,752.5497530004941,0.10971600022458006,0.7956919998832745,4456.86666399979,15.774976882999908,max_end_to_end_throughput,0.2243728779407898
63,0,2,3,13,1049.5566009994945,17.827104000389227,2806.2446590001855,513.4582930004399,0.20101700010854984,1.3416060000963625,4388.953007999589,15.85616427199966,max_end_to_end_throughput,0.22784477258638572
64,1,0,2,14,832.5357880003139,16.96232299946132,2955.9176650000154,841.7977780000001,0.13976199988974258,0.5837749995407648,4648.3088459999635,16.616639806999956,max_end_to_end_throughput,0.21513200459141948
65,2,2,1,15,1017.449422000027,21.51937899998302,2776.964943999701,599.1641900000104,0.12806999984604772,0.5279999995764229,4416.155017999699,16.45450779299972,max_end_to_end_throughput,0.22644132643082596
66,3,1,0,3,848.6550820007324,18.861284000195155,2839.098276999721,785.8011759999499,0.1619039994693594,1.0017189997597598,4494.085180000184,16.73138748099973,max_end_to_end_throughput,0.22251469652828412
67,4,2,3,5,1002.5573779994374,19.494531999953324,2896.5893179993145,545.5122879993723,0.14369000018632505,0.6005269997331197,4465.182725999512,17.000153560999934,max_end_to_end_throughput,0.22395500058200965
68,5,0,2,7,860.7415359992956,23.762936999446538,2912.7714739997828,772.8235710001172,0.14182599988998845,0.5253649997030152,4571.206273999451,17.38945454199984,max_end_to_end_throughput,0.21876063779661328
69,6,1,1,4,891.0437410004306,19.082959999650484,2742.091638000602,774.1438289995131,0.20631700044759782,0.7232260004457203,4427.569663000213,17.505370017000132,max_end_to_end_throughput,0.22585754174726622
70,7,2,0,0,1091.355818000011,24.990779999825463,2777.4270480003906,533.6364799995863,0.533540999640536,1.0417739995318698,4429.298457000186,17.534664038999836,max_end_to_end_throughput,0.22576938756962114
71,8,0,3,9,687.9887430004601,26.94529699965642,3116.2541449994023,855.3702589997556,0.17864499932329636,0.8375709994652425,4687.897284999963,18.245269895999627,max_end_to_end_throughput,0.21331525398385684
72,0,1,2,2,1082.6764960002038,17.493509999439993,2700.8647519996885,818.2517920004102,0.8486020005875616,0.519555000209948,4620.886461000737,18.32413542300037,max_end_to_end_throughput,0.21640869310245547
73,1,2,1,1,990.8877389998452,20.561592999911227,2533.1453030003104,558.3677859995078,0.11504599933687132,0.593643999309279,4103.931969999394,18.09220286999971,max_end_to_end_throughput,0.24366875652671885
74,2,2,0,10,800.3312809996714,21.47282300029474,3047.3110679995443,539.9150319999535,0.12727900048048468,0.5738469999414519,4410.068801000307,18.632165101000282,max_end_to_end_throughput,0.22675383199762703
75,3,0,3,6,1069.418499000676,15.045187999930931,2886.890431000211,796.8348809999952,0.14518300031340914,0.544921999789949,4769.1593190002095,19.041849678999824,max_end_to_end_throughput,0.2096805606841494
76,4,1,2,12,971.350767000331,23.124160000406846,2524.2490709997583,773.8187430004473,0.12192899976071203,0.6172970006446121,4293.699521000235,19.09739517700018,max_end_to_end_throughput,0.23289939016669844
77,5,2,1,11,856.2104809998345,30.87364500061085,2743.883471999652,558.5370710005009,0.17163199936476303,0.7077469999785535,4190.87797299926,19.190918145999603,max_end_to_end_throughput,0.23861348539440677
78,6,0,0,8,901.4497689995551,23.328342999775487,3071.6601200001605,817.2757789998286,0.1192740000988124,0.6340889995044563,4814.956960999552,19.859238187999836,max_end_to_end_throughput,0.207686176242042
79,7,1,3,15,1097.050076999949,19.898409999768774,2621.9622489998073,827.4911979997341,0.21299999934853986,0.7302000003619469,4567.644165000274,19.92515153400018,max_end_to_end_throughput,0.21893123979808526
80,8,2,2,13,817.9783830000815,20.952936999492522,2552.172448999954,524.1347219998715,0.14764700063096825,0.9222600001521641,3916.5931630004707,19.715300333000414,max_end_to_end_throughput,0.25532394057337016
81,0,2,1,14,843.7853559998985,24.080173000584182,2958.308971000406,546.6804399993634,0.13508299980458105,0.8986659995571245,4374.314398000024,20.262006951999865,max_end_to_end_throughput,0.22860725339203075
82,1,0,0,3,1030.5428369993024,17.654823000157194,2840.382450999641,761.0380369997074,0.19095800053037237,0.7698039999013417,4650.879693999741,20.620542515000125,max_end_to_end_throughput,0.215013086941409
83,2,1,3,5,914.7034119996533,24.497486000655044,2509.990588000619,773.54688899959,0.25172299956466304,1.0298020006302977,4224.318079000113,20.69912206800018,max_end_to_end_throughput,0.2367245982188675
84,3,2,2,7,867.5104320000173,17.108326999732526,2737.8897640001014,573.7456489996475,0.21361100061767502,0.9178820000670385,4197.920726999655,20.835910816999785,max_end_to_end_throughput,0.23821316909781706
85,4,0,1,0,778.682772999673,21.19038399996498,3063.392111000212,835.0561020006353,0.8909409998523188,0.6546779995915131,4700.217525999506,21.45626504699976,max_end_to_end_throughput,0.21275611064135783
86,5,1,0,1,1074.0143230004833,27.632435999294103,2577.7393799999118,811.4054640000177,0.15521099976467667,0.8701619999555987,4492.094306000581,21.5103348800003,max_end_to_end_throughput,0.22261331394227205
87,6,2,3,4,830.9971759999826,22.66763500028901,2566.3878519999344,558.6705260002418,0.17105100050684996,0.806723000096099,3980.14566799975,21.394502805999764,max_end_to_end_throughput,0.251247085763712
88,7,2,2,9,801.0269870001139,18.758272000013676,3050.332927000454,620.7468500006144,0.1305050000155461,0.594864999584388,4491.858268999749,22.015045582999846,max_end_to_end_throughput,0.22262501176883323
89,8,0,1,2,1075.877625999965,19.452223000371305,2802.8270370004975,851.6212189997532,0.21134600046934793,0.8775960004641092,4751.155820000349,22.30749228700006,max_end_to_end_throughput,0.21047510077241088
90,0,1,0,10,921.6650469998058,18.927178999547323,2448.271499999464,821.7901180005356,0.12941200020577526,0.885270000253513,4211.94714000012,22.332188076999955,max_end_to_end_throughput,0.23741988366928352
91,1,2,3,6,828.918356000031,22.69809199970041,2893.89872799984,602.9197600000771,0.13875999957235763,0.5986229998597992,4349.472711999624,22.618020175999845,max_end_to_end_throughput,0.22991292651201864
92,2,0,2,11,847.6850350007226,22.352674000103434,3092.6572539992776,864.5669190000262,0.2702669999052887,1.0575129999779165,4829.169088000526,23.172488221000094,max_end_to_end_throughput,0.2070749608840143
93,3,1,1,13,1063.3950280007411,19.074004999311,2596.3445339993996,839.9218940003266,0.15163400075834943,2.463259999785805,4521.940894000181,23.173926448999737,max_end_to_end_throughput,0.22114397853515153
94,4,2,0,12,798.0918680004834,22.96777799983829,2734.780270000556,528.442941999856,0.2034210001511383,0.911390000510437,4085.699265000585,23.14689701200041,max_end_to_end_throughput,0.2447561445763573
95,5,2,3,8,804.6496679999109,21.254504999888013,3199.091108000175,565.5656159997307,0.12013499963359209,0.608029999966675,4591.574567999487,23.712132648999614,max_end_to_end_throughput,0.21779021230960693
96,6,0,2,15,1048.220955999568,18.702759000007063,2890.053865999107,860.8629210002618,0.19936399985454045,0.6918480003150762,4819.11514300009,24.032978905000164,max_end_to_end_throughput,0.2075069738585786
97,7,1,1,14,885.8053680005469,24.477300000398827,2525.7007210002484,878.7134020003577,0.21282900070218602,1.4148039999781759,4316.727009000715,24.05168951900032,max_end_to_end_throughput,0.2316569933458663
98,8,2,0,3,816.5728980002314,22.279236000031233,2989.544869000383,550.9347659999548,0.14420000024983892,1.423178999175434,4381.321721999484,24.263952063999568,max_end_to_end_throughput,0.22824162740179565
99,0,0,3,4,889.2380180004693,19.346465999660722,3176.2834749997637,872.9882240004372,0.12586599950736854,0.7244790003824164,4959.179324000615,24.906022662000396,max_end_to_end_throughput,0.20164626738951855
100,1,1,2,7,1113.3465779994367,16.44485400083795,2638.615941000353,854.8628170001393,0.15684400023019407,0.7547350005552289,4624.636974000168,24.905904881000424,max_end_to_end_throughput,0.2162331888150414
101,2,2,1,5,810.603619000176,26.92203399965365,2778.802812000322,499.7391269998843,0.1512830003775889,0.7372820000455249,4117.339428000378,24.763061910000033,max_end_to_end_throughput,0.24287528815317003
102,3,2,0,0,788.4320849998403,18.310673000087263,3233.1620140002997,538.5893580005359,0.8045790000323905,1.1166340000272612,4580.767514000399,25.30275090000032,max_end_to_end_throughput,0.21830402807906238
103,4,1,3,1,1159.1895980000118,21.300110000083805,2868.358355000055,811.044798999319,0.531777999640326,0.6952539997655549,4861.38274699988,25.717304284999955,max_end_to_end_throughput,0.2057027911692683
104,5,0,2,9,896.0302630002843,21.603979999781586,2575.6323669993435,826.42172100077,0.14653499965788797,0.8708530003787018,4321.0835680001765,25.73265117000028,max_end_to_end_throughput,0.23142343448423655
105,6,2,1,2,848.4819810000772,22.582306000003882,2945.7691300003717,523.779303000083,0.899026999832131,0.43454499973449856,4342.253738999716,25.8260400449999,max_end_to_end_throughput,0.23029515549000612
106,7,1,0,6,1088.9296179993835,16.39424999939365,3081.3899069999025,850.2857679995941,0.3210419999959413,0.8017030004339176,5038.457175999611,26.567600502999994,max_end_to_end_throughput,0.19847345428744342
107,8,0,3,12,1110.2752799997688,26.229787000374927,2557.9973470003097,853.9957379998668,1.9554079999579699,1.0360529995523393,4551.959994999379,26.588691762999588,max_end_to_end_throughput,0.21968558623067083
108,0,2,2,10,843.0556119992616,22.969542000282672,2628.663062000669,598.5308239996812,0.14331900001707254,0.7599850005135522,4094.567950000055,26.42420632500034,max_end_to_end_throughput,0.24422601168457506
109,1,2,1,11,818.754873999751,22.72797899968282,3226.5067970001837,588.7962090000656,0.11595799969654763,1.2698820000878186,4658.318212999802,27.013537126999836,max_end_to_end_throughput,0.2146697486679497
110,2,1,0,8,1077.3882650000814,21.745386000475264,2832.42086700011,878.0735370000912,0.17810400004236726,0.7108029994924436,4810.827745999632,27.445613797999613,max_end_to_end_throughput,0.20786443680747754
111,3,0,3,13,859.3322399992758,25.871304999782296,2526.5659090000554,850.8146290005243,0.15006200010247994,0.7337170000027982,4263.7631359993975,27.437475773999722,max_end_to_end_throughput,0.23453460431628942
112,4,2,2,15,855.6782670002576,24.862592999852495,2934.9564910007757,529.7826449996137,0.14707599984831177,0.6174380005177227,4346.5513400005875,27.542744182000206,max_end_to_end_throughput,0.2300674538908966
113,5,0,1,5,1067.1801759999653,23.98471700053051,3148.2397159998072,993.732235000607,0.28696800018224167,1.5718979993835092,5235.418111999934,28.432268216999546,max_end_to_end_throughput,0.1910067120919974
114,6,1,0,3,1028.922325000167,19.75731699985772,2661.5354579998893,924.5985330007898,0.10769199980131816,0.672160999783955,4635.956056000396,28.370159310999952,max_end_to_end_throughput,0.21570523704720695
115,7,2,3,14,846.760180000274,25.822453999353456,2609.8534659995494,572.0756529999562,0.14613399980589747,0.8225720002883463,4055.7811030002995,28.115081345999897,max_end_to_end_throughput,0.24656163007915818
116,8,2,2,7,829.1760790007174,28.566330000103335,3179.042044000198,594.3468840005153,0.1631360000828863,1.417067999682331,4632.840582999961,28.71012030899965,max_end_to_end_throughput,0.21585029359081842
117,0,1,1,4,1014.3041340006675,20.304173000113224,3046.0502200003248,842.8607269997883,0.19787099972745636,0.8443339993391419,4924.833029000183,29.213336431999778,max_end_to_end_throughput,0.20305256931787094
118,1,0,0,0,934.0541190003933,22.375618999831204,2690.4391219995887,816.7945160003001,0.2923380006905063,0.808486000096309,4465.117673999885,29.24841850499979,max_end_to_end_throughput,0.2239582633673779
119,2,2,3,1,800.4726099998152,32.14245799972559,2943.3374290001666,577.29211700007,0.6745949995092815,0.9145949998128344,4355.260514999827,29.28754053600005,max_end_to_end_throughput,0.22960739008744227
120,3,1,2,2,890.9028739999485,20.915409999361145,3364.964882000095,914.1179640000701,1.1738820003301953,0.9540490000290447,5193.418130000282,30.128608500000155,max_end_to_end_throughput,0.19255141314800042
121,4,0,1,10,1100.8262209998065,18.95274900016375,2803.6921420007275,897.4847240006056,0.15829600033612223,1.4313649999166955,4823.001974000363,30.14645296100025,max_end_to_end_throughput,0.2073397451194833
122,5,2,0,9,827.4938089998614,28.844863000813348,2689.2187799994645,636.9845859999259,0.1270180000574328,1.053586000125506,4184.039757999926,29.924204461000045,max_end_to_end_throughput,0.2390034650335217
123,6,2,3,6,823.4373010000127,28.578993999872182,3305.2169530001265,587.9839510007514,0.16276600035780575,1.0983800002577482,4746.952684999997,30.512326762000157,max_end_to_end_throughput,0.21066146354479637
124,7,1,2,12,1166.1460149998675,19.827629999781493,3092.826810000588,921.3637550001295,0.18203099989477778,1.3477479997163755,5201.989473999674,31.04945434399997,max_end_to_end_throughput,0.19223414522427437
125,8,0,1,11,993.7838710002325,27.885593999599223,2679.22650500077,908.5534770001686,0.2368340001339675,1.6392549996453454,4611.627823000163,31.055362455999784,max_end_to_end_throughput,0.21684317086746935
126,0,2,0,13,848.7970249998398,28.869870999187697,3036.1039109993726,601.1925190005059,0.2174480005123769,2.224473000751459,4517.890426000122,31.11478721900039,max_end_to_end_throughput,0.2213422428851029
127,1,1,3,15,924.8780879997867,23.002335000455787,3481.8511149996993,1051.8381479996606,0.1306650001424714,0.8540419994460535,5482.87911099942,32.10080219199972,max_end_to_end_throughput,0.182385928953615
128,2,0,2,14,1081.3412050001716,24.77755500058265,2913.2453389993316,1051.9825479996143,0.16055099968070863,2.2557510001206538,5074.14203100052,32.107960459000424,max_end_to_end_throughput,0.1970776525155367
129,3,2,1,8,904.3864109999049,25.865816000077757,2715.9358409999186,706.0180489997947,0.11455500043666689,0.7787399999870104,4353.500463999808,31.819335770999714,max_end_to_end_throughput,0.22970021670360483
130,4,2,0,3,957.2301099997276,26.995745999556675,3358.8171249994048,599.4892740000068,0.0981640005193185,0.7357599997703801,4943.714000999535,32.41880933599987,max_end_to_end_throughput,0.2022770734305862
131,5,1,3,4,1144.001773999662,18.24510200003715,3371.1414219997096,915.6655180004236,0.08915699982026126,1.2144479997004964,5450.633057999767,33.01683230399976,max_end_to_end_throughput,0.18346492771740036
132,6,0,2,7,1072.9960280004889,28.26069799994002,2863.4570469994287,909.5203919996493,0.17864499932329636,0.9174209999400773,4875.801916000455,33.01622057700024,max_end_to_end_throughput,0.20509446799272038
133,7,2,1,5,851.9359600004464,29.82868899925961,3139.3037710004137,514.4828399998005,0.10297299922967795,0.5709810002372251,4536.620325000513,32.933170457000415,max_end_to_end_throughput,0.22042840889487197
134,8,2,0,0,827.9162079998059,31.334444000094663,3613.071891999425,623.5088180001185,0.581700999646273,0.7409500003632274,5097.652137000296,33.55737071200019,max_end_to_end_throughput,0.19616874065252485
135,0,0,3,1,1195.4848660006974,25.653157999840914,3065.0244070002373,902.2269410006629,0.19221999991714256,1.4921290003258036,5190.344088000529,33.919111393000094,max_end_to_end_throughput,0.19266545397479207
136,1,1,2,9,886.4435049999884,25.42695299962361,2861.2261739999667,921.1746519995359,0.14156599991110852,1.162319999821193,4695.82441700004,33.938038084000254,max_end_to_end_throughput,0.21295515147026237
137,2,2,1,2,867.7630960000897,30.162875999849348,3378.7450449999596,580.6865460008339,0.20876099915767554,0.9598599999662838,4859.157498999593,34.13795374399979,max_end_to_end_throughput,0.20579699262801848
138,3,0,0,6,1192.8969919999872,24.790829999801645,3379.9122769996757,902.3892949999208,1.1689330003719078,1.4681039992865408,5503.019095999662,34.822542060999695,max_end_to_end_throughput,0.1817184317472086
139,4,1,3,12,1099.3077029997949,42.55378899961215,2844.3351940004504,909.1220539994538,0.2045439996436471,3.850631999739562,4899.736454999584,34.84998992599958,max_end_to_end_throughput,0.20409260971161458
140,5,2,2,10,901.5305949997128,42.015187999822956,3038.3839780006383,544.9118979995546,0.15654399976483546,0.8461870002065552,4528.396966999935,34.682810860000245,max_end_to_end_throughput,0.22082869661987703
141,6,2,1,11,937.513747999219,36.890346000291174,3529.554744000052,621.3075109999409,0.09734299965202808,0.787476999903447,5126.650283999879,35.30404909000026,max_end_to_end_throughput,0.19505914088210186
142,7,0,0,13,1281.7173000003095,27.333759999237373,2972.9417620001186,862.7284799995323,0.1602000002094428,1.0608900001898292,5146.286598000188,35.68395751800017,max_end_to_end_throughput,0.19431486780945958
143,8,1,3,8,1008.31649400061,28.068709000763192,2716.7862979995334,905.7933499998398,0.1662520007812418,0.8357879996765405,4660.254520000308,35.75279889800004,max_end_to_end_throughput,0.2145805547118345
144,0,2,2,15,1009.4700589997956,30.819328999314166,3163.9465819998804,604.3398579995483,0.15059299948916305,1.278128000194556,4810.406731000512,35.90898273200037,max_end_to_end_throughput,0.20788262945740785
145,1,0,1,3,1266.438811999251,21.976883000206726,3241.7267699993317,910.8117720006703,0.26572800015856046,1.486508999732905,5442.981087999215,36.595396095999604,max_end_to_end_throughput,0.18372285037051084
146,2,1,0,5,1086.1164449997887,29.543274999923597,2788.86650000004,868.5802059999332,0.2555800001573516,1.3081939996482106,4774.932190000072,36.622022059999836,max_end_to_end_throughput,0.2094270578531472
147,3,2,3,14,887.0421990004616,31.831315999625076,2859.0793650000705,545.8195219998743,0.10749200009740889,1.0020800000347663,4325.257418000547,36.45454918900032,max_end_to_end_throughput,0.23120011212240724
148,4,2,2,7,877.7694860000338,36.8174490004094,3399.451739000142,636.8981269997676,0.14037300024938304,0.9302649996243417,4952.113589999499,37.091455881999536,max_end_to_end_throughput,0.20193397865901966
149,5,0,1,0,1116.3147269999172,22.447125000326196,3013.5461070003657,943.9644780004528,0.9095559998968383,0.8873140004652669,5098.401500999898,37.539516046000244,max_end_to_end_throughput,0.196139907734587
150,6,1,0,4,956.0935400004382,27.004362999832665,2674.064369000007,857.8346069998588,0.2045029996224912,1.0972380005114246,4516.624062000119,37.4797170060001,max_end_to_end_throughput,0.22140430247744927
151,7,2,3,1,889.329870000438,26.609521999489516,3125.3269049993833,613.431775999743,0.7651650003026589,1.2580189995787805,4657.126879999851,37.70590350299972,max_end_to_end_throughput,0.2147246630308754
152,8,1,2,2,1083.9135779997378,27.247629999692435,3312.766119999651,883.08404899999,1.0299120003764983,0.5037150003772695,5308.997303000069,38.36311267000019,max_end_to_end_throughput,0.18835948540318687
153,0,0,1,10,1102.6758589996462,19.315270999868517,2835.1458959996307,871.7753570008426,0.19321199943078682,0.9792669998205383,4830.547149000267,38.41077092700016,max_end_to_end_throughput,0.2070158864316148
154,1,2,0,9,876.1518700002853,27.980414000012388,2852.8833829996074,548.497265000151,0.18023800021182979,0.6699570003547706,4306.768908000777,38.25329931200031,max_end_to_end_throughput,0.23219263010427113
155,2,2,3,6,884.9368589999358,29.84294799989584,3372.016006999729,615.6964619995051,0.0945370002227719,0.880741999935708,4903.991027000302,38.869174489000216,max_end_to_end_throughput,0.20391554439929002
156,3,1,2,11,1138.3129329997246,19.73954599998251,3037.5165830000697,950.3040899999178,0.19049699949391652,1.3904479992561392,5147.743499999706,39.31354615199962,max_end_to_end_throughput,0.19425987328235317
157,4,0,1,12,981.3451249992795,27.063334000558825,2698.2760599994435,883.2644670001173,0.13487300020642579,0.7203810000646627,4591.0844159998305,39.293784233000224,max_end_to_end_throughput,0.2178134639639867
158,5,2,0,13,901.7830969996794,24.066011999821058,3090.990333999798,555.4594020004515,0.2481460005583358,1.4691959995616344,4574.544087999129,39.42562021199956,max_end_to_end_throughput,0.218601019197389
159,6,0,3,15,1028.5238730002675,26.0153689996514,3357.5373800003945,881.6176070004076,0.11369299954822054,1.215480000610114,5295.390941000733,40.17593563100036,max_end_to_end_throughput,0.1888434699423756
160,7,1,2,14,1130.395746999966,22.22179300042626,2834.8434370000177,928.416574000039,0.14531299984810175,1.0400009996374138,4917.45318699941,40.24169174799954,max_end_to_end_throughput,0.2033572993930608
161,8,2,1,8,884.0576769998734,31.63142399989738,2796.4485410002453,585.6088099999397,0.10876400028791977,0.7182480003393721,4298.965699000291,40.01044028300021,max_end_to_end_throughput,0.23261409139238917
162,0,2,0,3,844.8053789998085,30.729872999472718,3356.4867160002905,586.531706999267,0.11635899954853812,1.4550489995599492,4820.444160999614,40.59775970699957,max_end_to_end_throughput,0.20744976325846087
163,1,0,3,5,1155.9654370003045,20.10670600066078,3062.6746979996824,852.4454150001475,0.12948299990966916,1.1514900006659445,5092.820470000333,41.02837739900042,max_end_to_end_throughput,0.19635485010527665
164,2,1,2,7,1002.5578760005374,27.05657299975428,2733.2275290000325,837.1487999993406,0.1366360002066358,0.995597999462916,4601.579958000002,41.0788375129996,max_end_to_end_throughput,0.21731666278263104
165,3,2,1,4,911.8997030000173,24.216374999923573,3032.145706999472,603.1003289999717,0.1603800001248601,0.9386599995195866,4572.7819260000615,41.20044285299991,max_end_to_end_throughput,0.21868525903546152
166,4,0,0,1,1052.7867470000274,32.0146529993508,3288.6116569998194,920.4211639998903,1.0474549999344163,1.3225009997768211,5296.69343400019,41.94994537399998,max_end_to_end_throughput,0.1887970320466095
167,5,1,3,9,1141.2911990000794,20.451663000130793,2803.629875000297,932.8181390001191,0.12843100012105424,1.0086419997605844,4899.638181999762,42.01170799099964,max_end_to_end_throughput,0.20409670323694293
168,6,2,2,0,855.7320919999256,23.80175700000109,2812.1151950008425,565.9187589999419,0.3003530000569299,2.1924829998170026,4260.390658999313,41.767821720999564,max_end_to_end_throughput,0.23472025925314594
169,7,2,1,2,846.6996400002245,30.544504999852506,3323.5998469999686,641.7005659995993,0.1276499997402425,0.4710439998234506,4843.525178000164,42.407676144000106,max_end_to_end_throughput,0.20646119577164843
170,8,0,0,10,1130.563613999584,23.541018000287295,3054.6128680007314,847.8723739999623,2.181412000027194,1.1515710002640844,5060.210847000235,42.79887284800043,max_end_to_end_throughput,0.1976202237882665
171,0,1,3,6,1019.6441879998019,20.77688300050795,2695.804877000228,856.566023000596,0.13631499950861325,0.6998130002102698,4593.850186000054,42.86803392300044,max_end_to_end_throughput,0.21768232735310802
172,1,2,2,12,926.2702180003544,22.618378000515804,3070.409555999504,582.0472200002769,0.1470160004828358,0.7524010006818571,4602.698399000474,42.99008702500032,max_end_to_end_throughput,0.21726385552813127
173,2,0,1,13,983.9053210007478,29.79782499915018,3339.468171999215,937.7034619992628,0.11302199982310412,1.0770510007205303,5292.682652000622,43.73450513500029,max_end_to_end_throughput,0.18894010197683067
174,3,1,0,8,1117.4137019997943,22.503832999973383,2833.9562410001236,899.3941999997332,0.2818989996740129,1.5121060005185427,4875.378544999876,43.76845806500023,max_end_to_end_throughput,0.20511227810722243
175,4,2,3,11,861.1594409994723,24.89227300065977,2788.05700599969,560.4505020000943,0.13531400054489495,0.9316169998783153,4235.933650999868,43.55077493299996,max_end_to_end_throughput,0.23607546349644914
176,5,2,2,15,904.9540730002263,23.292312000194215,3284.2642100004014,586.9173020000744,0.24213400047301548,1.0593269998935284,4801.165797000067,44.137977671000044,max_end_to_end_throughput,0.20828274679138017
177,6,0,1,14,1141.6191549997166,22.51347099991108,3112.744326000211,869.081456999993,0.17270399985136464,1.050590999511769,5147.627829999692,44.60382730299989,max_end_to_end_throughput,0.1942642384074724
178,7,1,0,3,995.0813430004928,23.60874599980889,2714.3440889994963,853.6573230003341,0.38864900034241145,3.6810649999097222,4591.1260600005335,44.62448424200011,max_end_to_end_throughput,0.21781148827786354
179,8,2,3,5,877.6304069997423,22.69797799999651,3034.7526320001634,550.3358070000104,0.21900100000493694,1.2078959998689243,4487.25577300047,44.68852833100027,max_end_to_end_throughput,0.22285335416290192
180,0,0,2,0,934.957243000099,21.80076500007999,3379.8480680006833,1017.9530400000658,1.0378570004832,1.5283069997167331,5357.61482900034,45.6231893260001,max_end_to_end_throughput,0.18665022251825197
181,1,1,1,4,1147.2433199996885,23.32458300043072,2828.8097340000604,971.5521369998896,0.22221699964575237,0.9518160004517995,4972.556316000009,45.59325294900009,max_end_to_end_throughput,0.2011038058598426
182,2,2,0,7,897.5306560005265,36.46896000009292,2700.2889530003813,622.1681269998953,0.09513799977867166,0.8766749997448642,4257.808301000296,45.3103144910001,max_end_to_end_throughput,0.23486261693958085
183,3,2,3,1,909.6864690000075,29.844223000509373,3267.4926460003917,645.5823630003579,0.690664999638102,1.4063079997868044,4854.991096000049,45.9570671499996,max_end_to_end_throughput,0.20597360123356032
184,4,1,2,9,1184.8078639995947,19.946657000218693,3164.2740150000463,864.307729999382,0.19029700069950195,1.0189810000156285,5234.782276999795,46.45768904899978,max_end_to_end_throughput,0.19102991243661216
185,5,0,1,2,1007.2456220004824,31.462818999898445,2789.6476149999216,873.0883810003434,0.8418589995926595,0.5372080004235613,4703.38688100037,46.49514686600014,max_end_to_end_throughput,0.21261274594262353
186,6,2,0,10,881.124581000222,25.876319999952102,3060.7277299995985,557.9729540004337,0.23175500064098742,2.3561190000691568,4528.858435999609,46.51582092799981,max_end_to_end_throughput,0.2208061952325697
187,7,1,3,12,948.1879819995811,24.7505680008544,3441.257625999242,905.2034739997907,0.1270279999516788,0.9276800001316587,5320.844030000444,47.36281147200043,max_end_to_end_throughput,0.18794010769000433
188,8,0,2,11,1122.8857730002346,24.914395999985572,2917.827700000089,926.0219080006209,0.1212879997183336,0.651381999887235,4992.685840999911,47.42062079700008,max_end_to_end_throughput,0.20029299496235173
189,0,2,1,6,903.4835100001146,22.98115899975528,2755.3712659992016,645.6659679997756,0.13547400067182025,0.9542400002828799,4328.941094000584,47.1600532880002,max_end_to_end_throughput,0.23100337433232468
190,1,2,0,13,874.1311209996638,19.367380999938177,3370.855959000437,581.0856590005642,0.10757200016087154,0.8259090000137803,4846.661499999755,47.741035412999736,max_end_to_end_throughput,0.2063275927151196
191,2,1,3,8,1122.608680000667,24.627036999845586,3198.9198100000067,849.2849050007862,0.1856279995990917,1.287805999709235,5197.15207399986,48.21257349299958,max_end_to_end_throughput,0.19241307272934477
192,3,0,2,15,1027.8932350001924,24.96556200003397,2790.4502680003134,806.501589000618,0.19206999968446326,3.188181000041368,4653.7197359994025,48.2297892079996,max_end_to_end_throughput,0.2148818701445171
193,4,2,1,14,866.6273540002294,26.00748700024269,3089.1940920000707,561.9643809995978,0.1670339997872361,0.852919999488222,4545.13433000011,48.303136831999836,max_end_to_end_throughput,0.22001549951989555
194,5,1,0,5,900.4415350000272,27.517038000041794,3494.3407410000873,946.6686179994213,0.1506729995526257,0.6797649994041421,5370.441324999774,49.15866939599982,max_end_to_end_throughput,0.1862044363737727
195,6,0,3,7,1147.426360999816,22.331291000227793,2893.4683419993235,987.5962650003203,0.1494210000601015,0.9321379993707524,5052.222104999601,49.21516365499974,max_end_to_end_throughput,0.1979327074734928
196,7,2,2,3,963.7866610000856,23.703915000623965,2684.813603999828,609.4784889992297,0.09632100045564584,1.131643000007898,4283.353996999722,48.91288049800005,max_end_to_end_throughput,0.23346190875198516
197,8,2,1,4,972.2665589997632,22.91763099947275,3265.009041000667,620.6288710000081,0.12887100001535146,0.815389999843319,4882.233368000016,49.53326965799988,max_end_to_end_throughput,0.2048242934379938
198,0,1,0,0,1240.2407960007622,19.719430999430188,3180.5717859997458,842.8746490008052,0.8422810005868087,0.9581180001987377,5285.687020000296,50.00257690299986,max_end_to_end_throughput,0.18919016510363568
199,1,0,3,1,1124.675768999623,25.69964899976185,2730.272718999913,832.1731230007572,0.30522300039592665,0.8119530002659303,4714.335220000066,50.047421858000234,max_end_to_end_throughput,0.21211898461475676
200,2,2,2,9,877.8028560000166,29.464782000104606,3007.3354290007046,559.2160969999895,0.16926799980865326,1.0425560003568535,4475.41013800037,50.09281583400025,max_end_to_end_throughput,0.22344320836856388
201,3,1,1,10,869.1660250005953,28.383914999722037,3456.199604000176,929.8233180006719,0.10437499986437615,0.944372000049043,5285.0034350003625,50.93173737699999,max_end_to_end_throughput,0.1892146357706069
202,4,0,0,6,1182.7399189996868,40.20895800022117,2845.582504000049,941.425693000383,0.17791399932320928,0.9947460002877051,5011.577463999856,50.9889707530001,max_end_to_end_throughput,0.19953797126421682
203,5,2,3,2,878.9456980002797,22.963698000239674,2705.5450790003306,663.9239079995605,0.12047600012010662,0.48559100014244905,4272.24771300007,50.756189038999764,max_end_to_end_throughput,0.23406882446378027
204,6,2,2,12,895.559313999911,21.076496999739902,3313.6417509995226,593.1781459994454,0.13319000026967842,0.6686850001642597,4824.5034450001185,51.34962982900015,max_end_to_end_throughput,0.20727521731513146
205,7,1,1,11,1196.3544560003356,22.351540000272507,3167.0400469993183,868.597310000041,0.14277799982664874,0.7292780001080246,5255.471638000017,51.8002090709997,max_end_to_end_throughput,0.19027787968056706
206,8,0,0,13,1012.0414610000807,27.474769999571436,2747.16276899926,826.4587510002457,0.21249800010991748,2.535827999963658,4616.182462999859,51.8170652230001,max_end_to_end_throughput,0.21662921862714735
207,0,2,3,8,843.6773659996106,23.109600999305258,3095.3955539998788,571.7596100002993,0.15971999982866691,1.1845619992527645,4535.76679499929,51.92198335299963,max_end_to_end_throughput,0.2204698885979998
208,1,1,2,14,861.1338739992789,22.685996999825875,3472.9123679999248,883.8340219999736,0.2736930000537541,1.2402270003804006,5242.685786999573,52.68477321299997,max_end_to_end_throughput,0.19074192897078185
209,2,0,1,3,1149.1891440000472,22.670968999591423,2878.539415999512,951.5911819999019,0.12286000037420308,0.7805639997968683,5003.147200999592,52.766885441999875,max_end_to_end_throughput,0.19987419114916452
210,3,2,0,15,917.963410000084,21.749770000496937,2739.9285179999424,642.8418320001583,0.16335700001945952,0.780193999162293,4323.740628999985,52.56449100899954,max_end_to_end_throughput,0.23128121823331585
211,4,2,3,5,961.6692890003833,20.374200999867753,3327.691507000054,609.4881750004788,0.146475000292412,0.8967929998107138,4920.590575999995,53.17414656799974,max_end_to_end_throughput,0.20322763793384158
212,5,1,2,7,1206.766372999482,19.015923000551993,3130.78096100071,879.8435250000693,0.12826099919038825,1.1577219993341714,5237.967608999497,53.564525275999586,max_end_to_end_throughput,0.19091374262831873
213,6,0,1,4,1066.7374369995741,25.89959499982797,2737.155112000437,843.0694190001304,0.13837000005878508,1.2117729993406101,4674.5565719993465,53.61046368499956,max_end_to_end_throughput,0.21392403420465864
214,7,2,0,0,866.6515619997881,23.953204000463302,3101.4099109997915,584.6916039999996,0.7646640005987138,3.067113999350113,4580.86046399967,53.76168920999953,max_end_to_end_throughput,0.21829959848348526
215,8,1,3,2,856.9387119996463,22.52743000008195,3447.1057170003405,943.1447759998264,0.14902000020811101,0.6948130003365804,5271.27209199989,54.50727299600021,max_end_to_end_throughput,0.18970752838156107
216,0,0,2,9,1203.5903509995478,22.556545000043116,2830.017181000585,892.693951000183,0.14202700003806967,0.9774340005606064,4950.329848000365,54.5029933980004,max_end_to_end_throughput,0.20200674110714859
217,1,2,1,1,902.8243900002053,29.07192699967709,2796.8410889998268,605.3882420001173,0.30973100001574494,0.7286569998541381,4335.398215999703,54.364355445999536,max_end_to_end_throughput,0.23065931897778602
218,2,2,0,10,917.1828659991661,27.671539999573724,3346.334427000329,603.3117609995315,0.14264799938246142,0.7258010000441573,4895.706905999759,54.967552762000196,max_end_to_end_throughput,0.2042605938632653
219,3,0,3,6,1233.420550000119,21.027325999966706,3130.960942999991,834.4718549997197,0.116868999612052,1.1438360006650328,5221.398343000146,55.33766405700044,max_end_to_end_throughput,0.19151957661698213
220,4,1,2,12,1021.0512140001811,29.704433999540925,2676.254498000162,885.9712480007147,0.14344900046125986,0.8405369999309187,4614.244033000432,55.39344967000034,max_end_to_end_throughput,0.216720223908432
221,5,2,1,11,856.0052279999582,35.034292999625904,3114.15103499985,574.1907559995525,0.1456929994674283,1.0661200003596605,4580.9799899998325,55.54214115400009,max_end_to_end_throughput,0.2182939026546668
222,6,0,0,8,904.9948010006119,31.188759000542632,3382.7180469997984,908.406845999707,0.1321480003753095,0.7441660000040429,5228.656600999784,56.245734610999534,max_end_to_end_throughput,0.19125371511466016
223,7,1,3,15,1193.5224700000617,19.43410700005188,2808.251145000213,913.7154950003605,0.19963399972766638,1.245467000444478,4936.669604000599,56.30769535000036,max_end_to_end_throughput,0.2025657133687083
224,8,2,2,13,854.5436139993399,24.779605999356136,2830.965971999831,554.1696279997268,0.2181390000259853,1.1157429999002488,4266.186730999834,56.09649379500024,max_end_to_end_throughput,0.23440136661942068
225,0,2,1,14,914.2925509995621,25.576830999852973,3302.376567000465,587.392309000279,0.15285600056813564,0.8387429998037987,4830.968233999556,56.68362407299992,max_end_to_end_throughput,0.20699784216384726
226,1,0,0,3,1220.413152999754,24.778944999525265,3045.666285999687,846.7772670001068,0.11808199997176416,0.6646170004387386,5138.657616999808,57.09246392800014,max_end_to_end_throughput,0.1946033525743728
227,2,1,3,5,980.2727060005054,27.859803999490396,2713.510232999397,850.9576090000337,0.11908399937965441,0.5906680007683462,4573.653107000609,57.157979055000396,max_end_to_end_throughput,0.21864360427102822
228,3,2,2,7,900.4536089996691,20.673222999903373,3051.0030010000264,592.5477239998145,0.11162899954797467,0.9965190001821611,4566.252591000193,57.27634381900043,max_end_to_end_throughput,0.21899795950205192
229,4,0,1,0,968.8899340007993,25.63773600013519,3303.9198400001624,881.2723390001338,0.2726620004978031,1.1825080000562593,5181.5774530005,57.97447391100013,max_end_to_end_throughput,0.19299142183447035
230,5,1,0,1,1168.299466999997,23.413001999870175,2766.0514039998816,896.8227019995538,0.2293110001119203,1.1689229995681671,4856.227624999519,58.05554862899953,max_end_to_end_throughput,0.2059211546946585
231,6,2,3,4,910.1853339998343,34.05188000033377,2737.9091939992577,561.4505490002557,0.12305999916861765,1.0633349993440788,4245.053981999263,57.83791951399962,max_end_to_end_throughput,0.2355682646770577
232,7,2,2,9,875.6352400005198,33.84304900009738,3294.7194880007373,612.0141820001663,0.11121900024591014,0.8357380002053105,4817.990685000041,58.449737746999745,max_end_to_end_throughput,0.20755540335794392
233,8,0,1,2,1179.7558650005158,19.710407000275154,2985.48483400009,866.8213169994488,0.664346999656118,0.5620350002573105,5053.314297000725,58.841189411000414,max_end_to_end_throughput,0.19788992752608447
234,0,1,0,10,946.4870840001822,24.952329999905487,2691.1945520005247,850.43859399957,0.2556299996285816,0.813566000033461,4514.460885000517,58.90576781100026,max_end_to_end_throughput,0.2215103919324102
235,1,2,3,6,855.9755870001027,23.84372100004839,3031.1751449999065,604.7533529999782,0.1671939999141614,0.830828999824007,4517.067030999897,59.054597669999566,max_end_to_end_throughput,0.22138259032623658
236,2,0,2,11,1000.1999300002353,29.113988000062818,3268.0789480000385,879.9348569991707,0.23941900053614518,0.8174740005415515,5178.907297000478,59.72101877000023,max_end_to_end_throughput,0.19309092490981264
237,3,1,1,13,1108.8860800000475,20.726804000332777,2786.94321400053,862.8677690003315,0.13449200014292728,0.8831069999359897,4780.92102499977,59.76865106999958,max_end_to_end_throughput,0.20916471842369494
238,4,2,0,12,882.6685200001521,24.665341999934753,2782.942310999715,557.792038000116,0.1599100005478249,0.8337139997820486,4249.335870000323,59.612456273000134,max_end_to_end_throughput,0.2353308918364987
239,5,2,3,8,890.0815180004429,16.736477999984345,3286.374319999595,637.3454249996939,0.10246199963148683,1.2770350003847852,4832.478561000244,60.250241882999944,max_end_to_end_throughput,0.2069331477371348
240,6,0,2,15,1111.700216999452,16.7312680005125,3019.2993989994648,872.7074859998538,0.16410799980803858,1.0689359996831627,5021.975765999741,60.593967669999984,max_end_to_end_throughput,0.19912481592808456
241,7,1,1,14,974.6315119991777,25.08380700055568,2649.781373999758,868.9414519994898,0.16513999980816152,1.095155000257364,4520.01184799974,60.63789746400016,max_end_to_end_throughput,0.22123835813451115
242,8,2,0,3,887.2453260000839,23.962414000379795,3066.6578230002415,592.2414730002856,0.17067999942810275,1.8800070001816493,4572.504904000198,60.84328104300039,max_end_to_end_throughput,0.21869850792837045
243,0,0,3,4,951.2229600004503,24.400576000516594,3291.462722000688,922.5536290005039,1.1644950000118115,1.7122119998020935,5193.030366999665,61.51823778899961,max_end_to_end_throughput,0.1925657909406299
244,1,1,2,7,1137.2398439998506,21.74226900024223,2776.5302219995647,859.1891140004009,0.15653399987058947,1.0663699995347997,4796.342747999915,61.497108939999634,max_end_to_end_throughput,0.20849218926587387
245,2,2,1,5,856.5994030004731,29.872541000258934,2836.35951999986,531.7941450002763,0.09720199977891752,1.1218449999432778,4256.315278000329,61.37431347900019,max_end_to_end_throughput,0.23494500164701443
246,3,2,0,0,873.318498000117,25.53510500001721,3291.6094849997535,597.1401300002981,0.34896499983005924,0.9248850001313258,4789.213328999722,61.971551782999995,max_end_to_end_throughput,0.20880255927310312
247,4,1,3,9,1148.3915729995715,21.498101000361203,3024.375973000133,933.0399720001878,0.6263750001380686,1.0234999999738648,5129.228175999742,62.43064133600001,max_end_to_end_throughput,0.19496110636666875
248,5,0,2,1,980.9833469998921,22.40855900072347,2651.301307000722,874.3954000001395,0.783750999289623,1.3695799998458824,4531.728146000205,62.39199813899995,max_end_to_end_throughput,0.2206663700430972
249,6,2,1,2,900.8373329997994,22.553921000508126,3041.6184360001353,593.0820319999839,0.1374080002278788,0.5518649995792657,4559.112427999935,62.56409815999996,max_end_to_end_throughput,0.21934093878853875
250,7,0,0,6,973.070676000134,20.87210599984246,3313.994498000284,909.899217000202,0.156895000145596,1.2161320000814158,5219.561133000752,63.30117802600034,max_end_to_end_throughput,0.19158698873694288
251,8,1,3,12,1140.8238999993046,19.07772100003058,2797.133639999629,922.2337180008253,0.13969199972052593,1.1205420005353517,4880.862248000085,63.35255320000033,max_end_to_end_throughput,0.2048818321823662
252,0,2,2,10,856.8643870003143,23.357580000265443,2818.6063779994583,576.4438700007304,0.17436699999962002,1.1928069998248247,4277.066980999734,63.141294981999636,max_end_to_end_throughput,0.23380508288562202
253,1,2,1,11,839.982315999805,19.70851400074025,3351.1324760002026,590.8163490003062,0.10216100054094568,0.8796410002105404,4803.009346000181,63.73178066200035,max_end_to_end_throughput,0.20820280119437484
254,2,0,0,13,1174.3531009997241,26.41489600046043,3022.632774000158,840.3815249994295,0.17661200035945512,0.9331100000053993,5065.379181000026,64.14135835300021,max_end_to_end_throughput,0.19741858689492547
255,3,1,3,8,962.0819570000094,26.629147999301495,2730.1938159998826,814.2696969998724,0.15219600027194247,0.8523090000380762,4534.649534999517,64.16662707999967,max_end_to_end_throughput,0.2205242086035005
256,4,2,2,15,893.0289210002229,24.576867000178027,3067.846291999558,579.9076060002335,0.16620199949102243,0.8308790002047317,4566.7989160001525,64.31175015400004,max_end_to_end_throughput,0.2189717608315134
257,5,0,1,3,1054.458560999592,26.313456000025326,3270.249573000001,884.9225769999975,0.12336100007814821,0.7560880003438797,5237.192397999934,65.02611971700026,max_end_to_end_throughput,0.19094200174541928
258,6,1,0,5,1097.0843249997415,25.859344000309648,2765.1230299998133,899.84527300021,0.11317200005578343,0.7240790000651032,4789.082358000087,65.06636148500002,max_end_to_end_throughput,0.20880826956953782
259,7,2,3,14,875.9041429993886,20.410119999723975,2792.8127019995372,553.9369869993607,0.1108779997593956,0.800461999460822,4244.384509999691,64.86565901799986,max_end_to_end_throughput,0.2356054211497612
260,8,2,2,7,855.2498240005662,22.867550999762898,3323.2179020005788,585.0374989995544,0.11639799959084485,0.8408269995925366,4787.738467000054,65.45078756699968,max_end_to_end_throughput,0.20886688086506727
261,0,0,1,4,1101.520975999847,18.522628999562585,3034.809896999832,836.6336799999772,0.12409299961291254,0.8172139996531769,4992.744070999834,65.86286250299963,max_end_to_end_throughput,0.2002906589601623
262,1,1,0,0,991.9504910003525,33.84365299916681,2638.6909920001926,853.7034149994724,0.32856599955266574,0.9225109997714753,4519.866300000103,65.92053319899969,max_end_to_end_throughput,0.22124548241614517
263,2,2,3,1,912.6728009996441,29.956641000353557,2988.720684999862,579.7717420000481,0.5656110006384552,2.335762000257091,4514.502942000036,66.03255283900035,max_end_to_end_throughput,0.22150832834699083
264,3,0,2,2,1022.489475999464,21.588021000752633,3275.915445999999,889.954903999751,3.737871999874187,0.9825340002862504,5214.9951869996585,66.75665909500003,max_end_to_end_throughput,0.19175473114392838
265,4,1,1,10,1150.8464080006888,26.608930999827862,2750.8430549996774,895.5512249995081,0.20698800017271424,1.1793329995271051,4825.740536000012,66.81629018999956,max_end_to_end_throughput,0.2072220817799885
266,5,2,0,9,874.2758550006329,28.453111000089848,2699.4625339993945,568.6005480001768,0.16467899968120037,0.8819150007184362,4172.384355000759,66.59937146500033,max_end_to_end_throughput,0.23967111246629583
267,6,2,3,6,891.4103319993956,26.74051700068958,3218.649498000559,602.7247120000538,0.12183899980300339,0.9799689996725647,4740.96694399941,67.20220652399985,max_end_to_end_throughput,0.21092743565016606
268,7,0,2,12,1145.6729199999245,18.65327499945124,3001.2268909995328,814.7252730004766,0.144541999361536,1.0466839994478505,4981.758134999836,67.56792440699974,max_end_to_end_throughput,0.2007323464731057
269,8,1,1,11,972.8558870001507,22.504090000438737,2650.606309000068,849.8646000007284,0.21377100074460031,0.9776940005394863,4497.471965000841,67.6660539000004,max_end_to_end_throughput,0.22234713363017328
270,0,2,0,13,836.3806490006027,22.052333000829094,3011.9909499999267,580.753767000715,0.22387999979400774,1.556160000291129,4453.390139000476,67.78370918600012,max_end_to_end_throughput,0.22454803392195977
271,1,0,3,15,931.9975460002752,18.113873000402236,3236.478021000039,871.1020709997683,0.14314899999590125,1.0723720006353687,5059.2845290002515,68.43910540500019,max_end_to_end_throughput,0.1976564066060951
272,2,1,2,14,1114.8558489994684,25.038885999492777,2773.770321000484,919.9160830003166,0.16961799974524183,0.9492109993516351,4835.10346499952,68.5859782589996,max_end_to_end_throughput,0.206820806884243
273,3,2,1,8,861.753649000093,23.96372800012614,2731.5054919999966,576.4249480007493,0.16907799999898998,1.044549999278388,4195.217823999883,68.35966072599967,max_end_to_end_throughput,0.23836664553607406
274,4,2,0,3,877.1651730003214,25.879963000079442,3265.923302000374,602.6319600005081,0.1012800003081793,0.7635819993083715,4772.746317999918,68.96199039899966,max_end_to_end_throughput,0.2095229734353581
275,5,0,3,5,1120.4365969997525,24.825565999890387,2962.0200609997482,848.2649730003686,0.22343999989971053,1.5883799997027381,4957.636785999966,69.28803220000009,max_end_to_end_throughput,0.20170900837752634
276,6,1,2,7,971.68171300018,24.181697000130953,2697.5135940001564,832.7306290002525,0.17578999995748745,0.9206570002788794,4527.506449000612,69.41875967400028,max_end_to_end_throughput,0.22087213155063248
277,7,2,1,4,870.0104389999979,22.79667899983906,3017.420705999939,532.8912209997725,0.14330900012282655,1.1688929998854292,4444.776042999365,69.49537984499966,max_end_to_end_throughput,0.2249832140755495
278,8,0,0,1,940.0034030004463,23.565901999972994,3229.6151669997926,873.8105879992872,0.49804399986896897,0.9502720004093135,5068.884705000528,70.16156308300015,max_end_to_end_throughput,0.19728205674386035
279,0,1,3,9,1123.44345099973,24.13415899991378,2793.683874000635,877.2181330004969,0.14537199967890047,0.9165789997496177,4820.007913999689,70.29601866299981,max_end_to_end_throughput,0.20746853902366114
280,1,2,2,0,869.2886930002715,23.916419999295613,2712.9409139997733,542.0137680002881,0.47023299975990085,0.7033499996396131,4149.823966999975,70.0373131919996,max_end_to_end_throughput,0.2409740769613725
281,2,2,1,2,872.5083130002531,27.583600000070874,3191.8506319998414,599.5825310001237,0.15506100044149207,0.8634089999759453,4692.949066999972,70.63678894199984,max_end_to_end_throughput,0.21308562818885712
282,3,0,0,10,1145.5013429995233,19.636531000287505,2938.040848000128,838.4911120001561,0.13950199991086265,1.086027000383183,4943.146865000017,70.99990137900022,max_end_to_end_throughput,0.20230028103767386
283,4,1,3,6,943.8973850001275,27.352977999726136,2699.1951990003145,824.0392480001901,0.16038100056903204,1.060178999978234,4496.172005000517,71.12028551900039,max_end_to_end_throughput,0.22241141995631572
284,5,2,2,12,884.8462399992059,24.416749000010896,2944.9025470003107,570.6818199996633,0.11619799988693558,1.1172859994985629,4426.474338999469,71.20775646899983,max_end_to_end_throughput,0.22591342983500348
285,6,0,1,13,939.3846009998015,29.606205000163754,3185.004850999576,866.4613270002519,0.11684899982356,0.8111520000966266,5021.70358300009,71.86611753600027,max_end_to_end_throughput,0.19913560875741204
286,7,1,0,8,1137.5348709998434,31.916128999910143,2727.0428479996554,891.486831000293,0.13740699978370685,1.0960059998978977,4789.659177999965,72.01185649699983,max_end_to_end_throughput,0.20878312273099428
287,8,2,3,11,843.272519000493,22.366902999237936,2744.777023000097,527.6309850005418,0.1096559999496094,0.8367199998247088,4139.256598999964,71.73514533999969,max_end_to_end_throughput,0.24158927480881423
288,0,2,2,15,895.0265680005032,22.54421599991474,3125.3198600006726,570.8713439998974,0.12352199973975075,1.236310000422236,4615.459894000196,72.30647502400006,max_end_to_end_throughput,0.21666313281151817
289,1,0,1,14,1148.2366659993204,22.244664000027115,2880.7271360001323,811.7743020002308,0.20188799953757552,0.790031999713392,4864.217323999583,72.67801410799984,max_end_to_end_throughput,0.20558291979803117
290,2,1,0,3,895.946560000084,24.960118999842962,2697.1540389995425,801.5805679997356,0.1337809999313322,0.5988530001559411,4420.815340000445,72.81298042900016,max_end_to_end_throughput,0.2262026171850687
291,3,2,3,5,956.9222399995851,25.976285999604443,2859.9811260000934,562.4365430003309,0.13588499950856203,0.9418870004083146,4406.78721400036,72.8686862530003,max_end_to_end_throughput,0.22692268798979007
292,4,0,2,4,886.505188999763,26.428072999806318,3154.709823000303,914.8706480000328,1.6894400005185162,0.9215790005328017,4985.582459999932,73.59456745300031,max_end_to_end_throughput,0.20057836933260023
293,5,1,1,0,1052.765000999898,24.685472999408375,2749.9597970008836,918.0970130000787,0.20638800015149172,0.7784300005369005,4746.788026000104,73.7313864710004,max_end_to_end_throughput,0.21066877107690296
294,6,2,0,7,848.0582829997729,20.92904700020881,2684.758260000308,572.0973609995781,0.13596499957202468,0.6663800004389486,4126.985394000258,73.44056565600022,max_end_to_end_throughput,0.24230761791737457
295,7,2,3,1,850.8079729999736,23.791807000634435,3119.6825130000434,602.6797120002811,0.11720000020432053,0.70283799959725,4598.043774999496,74.04330934799964,max_end_to_end_throughput,0.21748379287670214
296,8,0,2,9,1115.199654999742,18.45702800073923,2935.4672509998636,845.3561530004663,0.14280799950938672,0.81637099992804,4915.894861000197,74.43834015500033,max_end_to_end_throughput,0.20342176313277338
297,0,1,1,2,937.562345000515,29.136305000065477,2701.0840849998203,830.6842869997126,0.4549629993562121,0.7819069996912731,4500.009796000086,74.5624034729999,max_end_to_end_throughput,0.22222173847018464
298,1,2,0,10,937.3953819995222,23.055346000546706,2898.7868470003377,588.2952199999636,0.22619399987888755,1.0039540002253489,4449.129610999989,74.63208284600023,max_end_to_end_throughput,0.22476306321299536
299,2,0,3,12,887.6285430005737,28.457820999392425,3200.7256870001584,898.7885920005283,0.154388999362709,0.8203389998016064,5016.982646000542,75.33719607300009,max_end_to_end_throughput,0.1993229936318763
300,3,1,2,11,1078.5841120004989,18.48660399991786,2807.2233339999,890.9516789999543,0.23641400002816226,0.9568149998813169,4796.7789260001155,75.45340081799986,max_end_to_end_throughput,0.20847323077152294
301,4,2,1,6,836.6975150001963,24.438740999357833,2740.029290000166,554.7597719996702,0.10651899992808467,0.9999260000768118,4157.302301000527,75.18677877800019,max_end_to_end_throughput,0.24054060243810815
302,5,2,0,13,868.078501999662,26.230804000078933,3147.2883659998843,571.9578849993923,0.12259999948582845,0.8967120002125739,4614.8706829999355,75.75869135799985,max_end_to_end_throughput,0.2166907956237555
303,6,0,3,8,1069.8425479995421,16.338484000698372,3012.9639440001483,838.8089950003632,0.2212250001321081,1.0808270008055842,4939.628623000317,76.17639582100037,max_end_to_end_throughput,0.20244436906526037
304,7,1,2,15,923.9852989994688,20.72209899961308,2753.279733999989,807.0258839998132,0.24419799956376664,1.03966999995464,4506.532645999869,76.2606217980001,max_end_to_end_throughput,0.22190009005873496
305,8,2,1,14,922.0681340002557,25.944486999833316,2918.455683000502,551.7088560000047,0.18003700006374856,1.0235010004180367,4419.6651510001175,76.3106363070001,max_end_to_end_throughput,0.22626148493935383
306,0,0,0,5,830.2748839996639,25.31090799948288,3280.7325339999807,961.066806999952,0.11091799933637958,0.8765239999775076,5098.754953000025,77.1372334380003,max_end_to_end_throughput,0.1961263110735722
307,1,1,3,7,1117.252541000198,19.228625999858195,2799.3048990001625,905.0387649995173,0.1383500002702931,0.7801940000717877,4842.017490000217,77.16538908500024,max_end_to_end_throughput,0.20652548283132188
308,2,2,2,3,896.0870669998258,29.846166999959678,2683.951666000212,620.3533719999541,0.1072510003723437,0.7503679998990265,4231.62813900035,76.9307081500001,max_end_to_end_throughput,0.23631566081707572
309,3,2,1,4,892.1717020002689,25.0505100002556,3172.9495899999165,561.427867999555,0.11964399982389295,0.6182100005389657,4652.7157840000655,77.49206425400007,max_end_to_end_throughput,0.214928236845852
310,4,0,0,0,1148.840582000048,21.915217000241682,3070.7362550001562,822.5840009999956,0.7346379998125485,0.6132009993962129,5065.705072000128,77.96022284999981,max_end_to_end_throughput,0.19740588640411372
311,5,1,3,1,978.2299199996487,26.378141000350297,2699.377592000019,842.1074620000581,0.9741180001583416,0.6296909996308386,4548.071375999825,78.00824108300003,max_end_to_end_throughput,0.2198734182750518
312,6,2,2,9,936.8449149997105,26.01912699992681,2902.3920689996885,525.2847369993106,0.19421399974817177,1.4273979995778063,4392.658221999227,78.01827980799953,max_end_to_end_throughput,0.22765258516854764
313,7,0,1,6,875.15244000042,25.06679999987682,3301.2336319998212,969.148758999836,0.18341400027566124,2.5271509994126973,5173.769164000078,78.93079268499969,max_end_to_end_throughput,0.19328268585273609
314,8,1,0,10,1121.2012299993148,23.88429199982056,2795.600421999552,904.223403999822,0.1924719999806257,1.1102230000687996,4846.584781999809,78.91222301400012,max_end_to_end_throughput,0.20633085873458665
315,0,2,3,2,872.0437530000709,25.251586999729625,2653.890814999613,622.3286100002952,0.11196000014024321,0.4540919999271864,4174.384136999834,78.63960654899984,max_end_to_end_throughput,0.23955629553506036
316,1,2,2,12,864.4130679995214,22.98543599954428,3162.3285420000684,606.6141679993962,0.11917400024685776,0.7855940002627904,4657.568746999459,79.24661824299983,max_end_to_end_throughput,0.21470429194292173
317,2,1,1,11,1100.9761510003955,22.955800000090676,3128.9998590000323,866.720176999479,0.12760899971908657,1.0390389998065075,5121.088973000042,79.77886544499961,max_end_to_end_throughput,0.19527096781022707
318,3,0,0,8,965.33087699936,22.615430999394448,2728.670536000209,915.2402229992731,0.18414599981042556,2.2834239998701378,4634.828231999563,79.84597342699999,max_end_to_end_throughput,0.21575772605678178
319,4,2,3,13,897.7955279997332,26.751461999992898,2957.735940999555,579.8250910002025,0.15119299951038556,1.1053839998567128,4463.923206999425,79.82684399499976,max_end_to_end_throughput,0.22401819064270673
320,5,1,2,14,833.8519270000688,25.593548999495397,3441.1150369996903,917.9246379999313,0.11261200052103959,0.8130249998430372,5219.743601000118,80.69659823300026,max_end_to_end_throughput,0.19158029137837287
321,6,2,1,15,1148.7405110001419,23.23824999984936,2871.3955770008397,608.3497030003855,0.1244529994437471,1.0224279994872632,4653.13045899984,80.43514780199985,max_end_to_end_throughput,0.2149090829950518
322,7,0,0,3,937.7097630003846,22.855621999951836,2683.034499000314,866.0611489995063,0.265908999608655,1.9193409998479183,4512.239993000549,80.7118191720001,max_end_to_end_throughput,0.22161941775065475
323,8,2,3,5,877.3735000004308,21.663696999894455,3246.3709469993773,611.8585599997459,0.13691699950868497,0.9921020000547287,4758.940644000177,81.04704155899981,max_end_to_end_throughput,0.21013079901737117
324,0,1,2,7,1155.4101729998365,15.83516100072302,3187.5263379997705,890.0805430002947,0.18397599978925427,0.9067009996215347,5250.193461999515,81.58689639499971,max_end_to_end_throughput,0.19046917170537064
325,1,0,1,0,1005.9489149998626,27.203089999602525,2721.8681550002657,900.4022509998322,1.4517239997076103,4.384797000057006,4661.724685000081,81.6160499460002,max_end_to_end_throughput,0.21451288258563958
326,2,2,0,4,847.676770000362,28.986154999984137,3008.385740000449,547.3873599994477,0.1474270002290723,1.153753999460605,4434.038080999926,81.59464839999964,max_end_to_end_throughput,0.22552805856247599
327,3,1,3,9,830.635297000299,24.055093000242778,3543.0185999994137,857.0175770000787,0.19484599943098146,0.8317210003951914,5256.17691700063,82.4439293610003,max_end_to_end_throughput,0.1902523480070829
328,4,2,2,1,1131.3917219995346,19.635249999737425,2933.8948349995917,628.0381149999812,0.18133999947167467,0.6088419995649019,4713.965408999684,82.2222188579999,max_end_to_end_throughput,0.21213562536773103
329,5,0,1,2,924.3521909993433,29.581142000097316,2668.194255000344,903.9744419997078,0.320852000186278,0.4303480000089621,4527.121331999297,82.51503618799961,max_end_to_end_throughput,0.2208909208886552
330,6,2,0,10,893.2185860003301,31.45869399941148,3258.681586000421,600.2959190000183,0.14006299988977844,0.8833780002532876,4785.133158999997,82.82280230600009,max_end_to_end_throughput,0.20898060028260138
331,7,1,3,6,1203.7314560002415,16.82530800007953,3179.216608000388,866.0166890003893,0.12916199921164662,0.8940979996623355,5267.084130000512,83.31002067000009,max_end_to_end_throughput,0.1898583685618674
332,8,0,2,12,1119.3381309994948,27.82410500003607,2707.291988999714,871.1056189995361,0.1916190003612428,0.9707620001790929,4727.031935000014,83.38661335100005,max_end_to_end_throughput,0.21154923718534116
333,0,2,1,11,884.7836090008059,29.43473699997412,2964.8874130007243,564.5334700002422,0.09426700034964597,0.9641890001148568,4445.244011000796,83.3874161370004,max_end_to_end_throughput,0.22495952922387752
334,1,1,0,8,883.224453999901,25.49033600007533,3437.0544069997777,924.3809269992198,0.1698890000625397,0.7976860006237985,5271.548047000579,84.2343977190003,max_end_to_end_throughput,0.18969759757173854
335,2,0,3,15,1171.4123840001776,22.58603799964476,2927.3455430002286,914.4008920002307,0.15011100003903266,1.0088030003316817,5037.254919000588,84.30106399600027,max_end_to_end_throughput,0.198520824552275
336,3,2,2,13,889.5113480002692,21.401214999968943,2668.11822299951,599.4924780006841,0.1808400002119015,0.9395130000484642,4179.880940000658,83.98701343100038,max_end_to_end_throughput,0.23924126413032298
337,4,2,1,14,854.8911309999312,28.239885999937542,3245.4438200002187,616.9051839997337,0.13442199997371063,0.7208030001493171,4746.704086999671,84.60371968199979,max_end_to_end_throughput,0.21067249646735128
338,5,1,0,5,1175.0216320006075,19.01685099983297,3167.1095120000246,855.2146480005831,0.3161429995088838,1.270564000151353,5218.625288000112,85.0906913609997,max_end_to_end_throughput,0.19162134562514666
339,6,0,3,3,1128.7566439996226,31.62616000008711,2681.1331979997703,785.7371059999423,0.13782800033368403,0.6798149997848668,4628.313827999591,85.08651301099962,max_end_to_end_throughput,0.21606140749366842
340,7,2,2,7,876.3370680007938,32.94303999973636,2974.834263000048,549.510112000462,0.14057400039746426,0.9726649996082415,4435.147150000375,85.15353955499995,max_end_to_end_throughput,0.22547166219725434
341,8,0,1,1,877.3480749996452,26.984369999809132,3440.3681089997917,987.7892590002375,1.0975490004057065,2.0183269998597098,5336.022331000095,86.07664929400016,max_end_to_end_throughput,0.18740551256512017
342,0,1,0,0,1155.8172650002234,21.800124000037613,2844.8635760005345,948.9452959996925,0.4573679998429725,1.19800800075609,4973.378182000488,86.03982915800043,max_end_to_end_throughput,0.20107057283903568
343,1,2,3,4,825.1206889999594,18.8306919999377,2689.2240639999727,618.7699609999981,0.10009800007537706,1.07233200014889,4153.533945999698,85.77241809899988,max_end_to_end_throughput,0.24075883645133275
344,2,2,2,9,886.9236700002148,22.485708999738563,3233.4757660000832,620.3020990005825,0.10722200022428297,0.8205389995055157,4764.367087999744,86.39252061299976,max_end_to_end_throughput,0.209891467540096
345,3,1,1,2,1177.4384290001763,17.310199000348803,3197.7320189998863,839.1054989997428,0.251962999755051,0.44729899946105434,5232.591752999724,86.87805149999986,max_end_to_end_throughput,0.1911098834390669
346,4,0,0,10,1065.6281380006476,23.715917999652447,2739.5126270002947,893.1419700002152,0.20593599947460461,0.8065829997576657,4723.307488000501,86.96775379100018,max_end_to_end_throughput,0.2117160490907032
347,5,2,3,6,923.3787670000311,32.52416500072286,2972.1260790001907,575.0825160002933,0.09944700013875263,1.527005000752979,4505.191910000576,86.96850142400035,max_end_to_end_throughput,0.22196612707667587
348,6,1,2,11,849.5705530003761,32.61241099971812,3457.152558999951,907.3231550000855,0.15623300078004831,0.9090060002563405,5247.894467000151,87.7857905159999,max_end_to_end_throughput,0.1905526123454287
349,7,0,1,13,1146.479805999661,21.872960000109742,2957.446063000134,916.8418469998869,0.14964099955250276,0.9296039997934713,5044.117145999735,87.88472036199983,max_end_to_end_throughput,0.1982507485562772
350,8,2,0,12,900.2995729997565,22.77977199992165,2709.3131199999334,634.5732739991945,0.12130699997214833,0.7959929998833104,4268.225461999464,87.60239091499989,max_end_to_end_throughput,0.23428940408680915
351,0,2,3,8,881.4535629999227,18.080513999848336,3282.017289000578,588.7422820005668,0.1831739991757786,1.56404500012286,4772.3489959998915,88.19202031300028,max_end_to_end_throughput,0.20954041727421535
352,1,1,2,15,1183.5342399999718,15.878463000262855,3164.8401539996485,860.3912040007344,0.15376800001831725,0.5567349999182625,5225.633486999868,88.64589470099963,max_end_to_end_throughput,0.19136435850079458
353,2,0,1,14,1077.1822569995493,36.3583500002278,2760.5330610003875,836.2280060000558,0.1825620001909556,0.5787460004285094,4711.3225000002785,88.72070248700038,max_end_to_end_throughput,0.2122546270181973
354,3,2,0,3,833.1346679997296,33.79019099975267,3065.332510999724,580.8006469997054,0.13946200033387868,1.24016700010543,4514.8579939996125,88.77251325199995,max_end_to_end_throughput,0.2214909087570487
355,4,1,3,7,834.0568199992049,26.637711000148556,3464.584579000075,825.426253999467,0.21546500011027092,0.7074770001054276,5152.033826999286,89.47160620999966,max_end_to_end_throughput,0.1940981044727404
356,5,0,2,4,1152.4681249993591,22.247263000281237,2925.0244539998675,850.7562129998405,0.12554599925351795,0.5741179993492551,4951.460484999188,89.57145540399961,max_end_to_end_throughput,0.20196061405106092
357,6,2,1,5,916.6548180000973,23.382852999930037,2707.530828000017,600.1004930003546,0.1391910000165808,0.6134909999673255,4248.787190999792,89.37204687099984,max_end_to_end_throughput,0.2353612819484818
358,7,2,0,0,951.6683140000168,22.197238999979163,3272.157501000038,596.6598109998813,0.6294009999692207,0.7818069998393185,4844.367615999545,89.96941521099961,max_end_to_end_throughput,0.2064252920643944
359,8,1,3,1,1211.8546310002785,21.554472999923746,3056.3415219994567,821.9283680000444,0.23265599975275109,1.0219980003967066,5113.232579000396,90.29395643000043,max_end_to_end_throughput,0.19557099829702906
360,0,0,2,9,1083.075003999511,21.161987000596127,2671.3012720001643,766.2927860001219,0.20480400053202175,0.6281689993556938,4542.925170999297,90.33794200299963,max_end_to_end_throughput,0.22012248988464678
361,1,2,1,2,904.0852230000382,33.85130700007721,2966.066021000188,551.378289999775,1.1609889997998835,0.5538389996218029,4457.450283000071,90.52118923299986,max_end_to_end_throughput,0.22434350054644997
362,2,1,0,6,869.2917889993623,40.47016500044265,3283.6314010000933,793.6102789999495,0.1909789998535416,0.6152440000732895,4987.980576999689,91.08723761100009,max_end_to_end_throughput,0.20048193543718812
363,3,0,3,12,1187.9430200006027,21.64486299989221,2712.751457000195,830.2844440004264,0.1880630006780848,0.8935269997891737,4754.035222999846,91.16854289099956,max_end_to_end_throughput,0.21034762114551384
364,4,2,2,10,886.2693319997561,28.511106000223663,2704.6711020002476,513.2150529998398,0.18066899974655826,0.681788999827404,4133.997310000268,91.03360925400011,max_end_to_end_throughput,0.2418966257140441
365,5,2,1,11,882.7045540001563,26.008421000369708,3121.6504939993683,560.4865770001197,0.2520119996916037,0.6430170005842228,4592.100511999888,91.59418541000014,max_end_to_end_throughput,0.21776526828775658
366,6,1,0,13,1182.8233910000563,17.14501999958884,2876.9270099992355,832.3471730000165,0.20072600000275997,1.3539200008381158,4911.148258000139,91.92041337800038,max_end_to_end_throughput,0.2036183693642367
367,7,0,3,8,1021.4699420002944,20.411610000337532,2500.800485999207,769.328244999997,0.19329200040374417,2.2802289995524916,4314.852344999963,91.93933307899988,max_end_to_end_throughput,0.23175764082838124
368,8,2,2,15,905.8395609999934,18.664490999981354,2853.675387000294,542.7912450004442,0.1270379998459248,0.9336920002169791,4322.298586000215,92.13721035300023,max_end_to_end_throughput,0.23135838029306155
369,0,1,1,3,861.4040749998821,23.49717899960524,3122.3214619994906,929.4333609996102,0.10805300007632468,0.7369529994321056,4937.990551999974,92.84921883199968,max_end_to_end_throughput,0.2025115255830091
370,1,0,0,5,1162.4562799997875,21.870747999855666,2542.5756620006723,916.5150019998691,0.2005360001930967,0.74969700017391,4644.761112000197,92.85440238800038,max_end_to_end_throughput,0.2152963254485579
371,2,2,3,14,804.883088000679,27.256151999608846,2636.86280300044,572.4230910000188,0.1373369996144902,0.9125919996222365,4042.856070000198,92.70967634499993,max_end_to_end_throughput,0.24734988896103616
372,3,2,2,7,831.7540179996286,22.71144499991351,3114.1537329995117,564.5715099999506,0.1294430003326852,0.6713200000376673,4534.271734999493,93.27404658799969,max_end_to_end_throughput,0.22054258289840054
373,4,1,1,0,1172.7867600002355,24.253970000245317,2854.386830000294,877.0557489997373,1.132405000134895,0.9952670006896369,4930.917596000654,93.7276055780003,max_end_to_end_throughput,0.2028020100784234
374,5,0,0,4,899.7089619997496,28.802755000469915,2530.0537120001536,851.0992640003678,0.20212900017213542,0.6802369998695212,4311.1326970001755,93.70552062800016,max_end_to_end_throughput,0.23195760146650835
375,6,2,3,1,838.594890999957,22.138881000500987,2912.860981000449,536.6639989997566,0.7059240006128675,1.0215069996775128,4312.265867999486,93.81168478499967,max_end_to_end_throughput,0.23189664798286488
376,7,0,2,10,926.6574000002947,21.95512599973881,3161.2022560002515,910.2261779999026,0.148248000186868,0.6552499999088468,5021.147596000446,94.61574895000012,max_end_to_end_throughput,0.1991576588580152
377,8,1,1,2,1039.6123199998328,16.996481999740354,2674.514188000103,883.5637080001106,0.5007589998058393,0.4651729996112408,4615.985765000005,94.61006922199977,max_end_to_end_throughput,0.21663844970717733
378,0,2,0,9,763.7660000000324,22.349385999405058,2699.9521809993894,585.0402850001046,0.13462300012179185,0.606719000643352,4072.267369000656,94.39580283000032,max_end_to_end_throughput,0.24556344399493651
379,1,2,3,6,808.0976040000678,19.639961999928346,3206.4219679996313,525.8470880007735,0.12502499976108084,0.6118580004113028,4561.167810999905,94.92168712700004,max_end_to_end_throughput,0.2192420979531509
380,2,1,2,13,1050.791943999684,20.157422999545815,2994.2747550003332,807.9507439997542,0.18166100016969722,1.5542459996140678,4875.230162999287,95.41884048599968,max_end_to_end_throughput,0.205118520883287
381,3,0,1,12,869.4281899997804,25.955713000257674,2668.048380000073,769.3627570006356,0.12467400028981501,0.6640760002483148,4334.1543609994915,95.38523442699989,max_end_to_end_throughput,0.23072551568500016
382,4,2,0,11,829.2377780007882,29.270683000504505,2951.8181099992944,484.0724140003658,0.22118499964562943,1.0715909993450623,4296.1977909999405,95.40636300299957,max_end_to_end_throughput,0.23276395749164283
383,5,0,3,14,948.5284439997486,23.396180999952776,3223.4165899999425,890.5710119997821,0.321854000503663,1.8501409995224094,5088.511132999884,96.27727075799976,max_end_to_end_throughput,0.19652113827850848
384,6,2,2,8,1094.799640999554,21.25211699967622,2673.8874570000917,607.6306740005748,0.10286299948347732,0.6194730003699078,4398.560990000078,96.01348831900032,max_end_to_end_throughput,0.22734708061874168
385,7,1,1,15,902.202725999814,37.40711999944324,2530.174264999914,835.4858989996501,0.134141999296844,0.5571949996010517,4306.273883999893,96.25335253699996,max_end_to_end_throughput,0.2322193216078369
386,8,2,0,3,885.2677500008213,36.58551900025486,3121.1871180003072,557.5093899997228,0.14130500039755134,1.0042640005849535,4602.203789000669,96.57146493500022,max_end_to_end_throughput,0.21728720540146743
387,0,1,3,5,1112.9761339998367,14.09942600002978,2964.2084899996917,814.8702720000074,0.1599100005478249,0.5347140004232642,4907.125466000252,97.06827183200039,max_end_to_end_throughput,0.20378529282135713
388,1,0,2,7,974.3080819998795,18.034388999694784,2551.2077949997547,801.9719699996131,0.2789030004350934,0.9325700002591475,4347.090840000419,97.07839806300035,max_end_to_end_throughput,0.23003890114242553
389,2,2,1,4,840.4947760000141,31.01973499997257,2811.4031659997636,528.539379999529,0.7032390003587352,2.8894520000903867,4215.561750000234,97.10273045099984,max_end_to_end_throughput,0.23721630930917917
390,3,1,0,1,920.0961599999573,20.098754000173358,3235.2974789992004,896.5487149998808,0.42841400045290357,3.1877710007393034,5076.094804000604,97.96779939600037,max_end_to_end_throughput,0.19700183676866587
391,4,0,3,9,1107.3375060004764,19.577105000280426,2661.509077000119,886.4752230001613,0.5189240000618156,0.5392920002122992,4676.25168900031,97.96479208300025,max_end_to_end_throughput,0.21384648785099508
392,5,2,2,0,886.0727070004941,22.495841999443655,2466.352151999672,611.768920999566,0.639228999716579,0.657503999718756,3988.215405000119,97.71226644299986,max_end_to_end_throughput,0.25073871354748706
393,6,2,1,2,856.7663759995412,22.178136000547966,3072.702436000327,549.8740110006111,0.13971200041851262,0.4649219999919296,4502.436625999508,98.26149135499963,max_end_to_end_throughput,0.2221019601309785
394,7,0,0,12,1089.3173690001277,15.975626999534143,3025.8178889998817,888.0811449998873,0.22413100032281363,1.065499000105774,5020.769538999957,98.85318568399998,max_end_to_end_throughput,0.19917265515420993
395,8,1,3,6,969.4563760003803,26.082581999617105,2552.580345000024,830.755164999573,0.5751589997089468,2.2312370001600357,4381.945551000172,98.79778365499988,max_end_to_end_throughput,0.22820913413032978
396,0,2,2,10,773.5737990005873,29.116134999640053,2824.953010000172,517.511177000415,0.2009370000450872,0.7554380008514272,4146.507711000595,98.7794166800004,max_end_to_end_throughput,0.24116680100389581
397,1,2,1,11,780.5375260004439,24.92399899983866,3334.2381020001994,560.3589920001468,0.14016300065122778,0.5517350000445731,4701.189540000087,99.33957132799969,max_end_to_end_throughput,0.21271212136662365
398,2,1,0,13,1075.484664999749,20.939510999596678,2760.2700540001024,850.7742470001176,0.10722100068960572,0.7180279999374761,4708.588640000016,99.64664116499989,max_end_to_end_throughput,0.21237786446343646
399,3,0,3,8,841.6896990001987,23.164707000432827,2575.0438409995695,802.454927999861,0.18876500053011114,0.9254469996449188,4243.8307579996035,99.6555445719996,max_end_to_end_throughput,0.23563616388683836
400,4,2,2,15,841.258831000232,20.01978600037546,3041.147947999889,564.3939370002045,0.12066699946444714,0.6812479996369802,4468.1012749997535,99.9041688569996,max_end_to_end_throughput,0.22380871391507462
401,5,1,1,3,1127.1715379998568,19.35962700008531,3054.6306670003105,871.7971329997454,0.19882300057361135,1.5406310003527324,5075.047844999972,100.5194110729999,max_end_to_end_throughput,0.197042477340429
402,6,0,0,5,1033.5107159999097,33.84558899961121,2552.0471209993048,885.9313659995678,0.270417000137968,0.9713819999888074,4506.875523000417,100.54168063100042,max_end_to_end_throughput,0.2218832081996926
403,7,2,3,14,801.4916679994712,34.992560999853595,2789.4868799994583,484.01689499951317,0.1722229999359115,0.6484870000349474,4111.250401999314,100.3882532079997,max_end_to_end_throughput,0.24323500206012674
404,8,2,2,7,804.9695339996106,26.837860000341607,3257.4688960003186,596.7875679998542,0.09277400022256188,0.6079699996917043,4687.123204999807,100.98496873099975,max_end_to_end_throughput,0.21335048307099944
405,0,1,1,0,1121.0426110001208,18.229386999337294,2786.9497660003617,836.0719019992757,0.7812359999661567,1.1287879997325945,4764.478365000286,101.35575186999995,max_end_to_end_throughput,0.2098865654099659
406,1,0,0,4,862.3235939994629,26.801742000316153,2548.615906000123,781.6597789997104,0.19161000000167405,0.7169949994931812,4220.5995799995435,101.32311418599966,max_end_to_end_throughput,0.2369331610463052
407,2,2,3,9,853.8901289994101,26.62384899940662,2989.4941429993196,557.592164000198,0.15077300031407503,0.8647630002087681,4428.951550999955,101.54292414700012,max_end_to_end_throughput,0.22578707138357004
408,3,0,2,2,1131.4538039996478,14.074300000174844,3046.4246520004963,858.0598089993146,0.21236900010990212,0.5847069996889331,5051.102639999954,102.1811921389999,max_end_to_end_throughput,0.19797657487316653
409,4,1,1,10,1048.676632999559,31.085239999811165,2542.889742000625,859.2569760003244,0.1714410000204225,0.6630739999309299,4483.213358999819,102.21404552900003,max_end_to_end_throughput,0.2230542960871027
410,5,2,0,1,805.9078399992359,24.552590999519452,2719.0959409999778,520.3715110001212,0.2706679997572792,0.6814480002503842,4071.3052080000125,102.06328859400037,max_end_to_end_throughput,0.24562147736677298
411,6,2,3,6,858.4186050002245,18.44140499997593,3190.1608390007823,586.2079680000534,0.15020200044091325,1.053046000379254,4654.946530000416,102.64981241500027,max_end_to_end_throughput,0.21482523881964133
412,7,0,2,12,1063.760392000404,17.876504000014393,2822.674339000514,808.0362390001028,0.2623820000735577,1.0820810002769576,4713.958107000508,102.98984272100006,max_end_to_end_throughput,0.21213595396932794
413,8,1,1,11,835.568152999258,28.455705999476777,2537.846059000003,817.3629500006427,0.22453099973063217,0.8904110000003129,4220.644598000035,103.03176803400038,max_end_to_end_throughput,0.23693063388323501
414,0,2,0,13,832.6889800000572,33.574041000065336,2959.1838090000238,559.559973999967,2.439036999930977,1.2321719996180036,4388.993434999975,103.21191810599976,max_end_to_end_throughput,0.22784267390912735
415,1,0,3,15,1031.9284469997,19.564381999771285,3064.49947100009,846.8307529992671,0.2032309994319803,0.9814510003707255,4964.290867999807,103.83659501700004,max_end_to_end_throughput,0.20143863979568064
416,2,1,2,14,1030.4883099997824,21.681384000658,2620.429847000196,857.3178139995434,0.21936199937044876,0.6911970003784518,4531.148264999501,103.88896905799993,max_end_to_end_throughput,0.22069461017738515
417,3,2,1,8,843.9817680000488,21.369308999965142,2667.0817429994713,518.5577180000109,0.16655300078127766,0.6525850003527012,4052.1878950003156,103.7276909279999,max_end_to_end_throughput,0.24678026436874348
418,4,2,0,3,852.1726480003053,26.253633999658632,3158.573381999304,617.9543789994568,0.1661119995333138,1.2103310000384226,4656.686996000644,104.34626059200036,max_end_to_end_throughput,0.2147449465379231
419,5,0,3,7,1060.9024669993232,22.031110000170884,2828.0933460000597,854.9479129997053,0.2062069997919025,0.689683999553381,4767.2047359992575,104.69134444799965,max_end_to_end_throughput,0.20976653099216835
420,6,1,2,5,912.8591419994336,23.33606000047439,2541.169670000272,761.5620130000025,0.12268099999346305,0.5680459998984588,4240.042007999364,104.65038945499964,max_end_to_end_throughput,0.23584671994130632
421,7,2,1,4,814.5390669997141,25.10477899977559,2963.6236420001296,525.1206789998832,0.12397200043778867,0.6976590002523153,4329.613005000283,104.87089217300036,max_end_to_end_throughput,0.23096752500629894
422,8,1,0,9,974.4266640000205,28.964381000150752,3077.365766999719,851.0314409995772,0.2178289996663807,0.6656489995293668,4933.093992999602,105.50167679599963,max_end_to_end_throughput,0.20271253728776878
423,0,0,3,1,1055.9091200002513,19.43197400032659,2607.4540540003,845.001245000276,1.0839939996003523,1.239154999893799,4530.4372789996705,105.5378803929998,max_end_to_end_throughput,0.2207292449749579
424,1,2,2,0,834.2323169999872,19.118926000373904,2669.502291999379,515.0145769994197,0.49072099955083104,0.7696839993514004,4039.3861019992983,105.38640295099958,max_end_to_end_throughput,0.24756237080309035
425,2,2,1,2,832.747021000614,31.50073100005102,3139.130683000076,562.1888530004071,0.12245000016264385,0.44467499992606463,4566.5696790001675,105.94795069199972,max_end_to_end_throughput,0.21898275298384282
426,3,1,0,6,1077.4196900001698,20.737413999995624,2829.8455530002684,861.3078520002091,0.1446409996788134,0.9742080001160502,4790.815663000103,106.36329383799966,max_end_to_end_throughput,0.20873272326528639
427,4,0,3,10,906.8064809998759,23.58590899984847,2521.6384440000184,818.1292750005014,0.1346119997833739,0.9018419996209559,4271.668059000149,106.35478686399983,max_end_to_end_throughput,0.23410058698101785
428,5,2,2,12,831.171501999961,24.65864199984935,2890.4151349997846,525.7099640002707,0.14255799942475278,0.6054859995856532,4273.205778999909,106.47390565499973,max_end_to_end_throughput,0.23401634550677727
429,6,0,1,13,965.9492230002797,25.966426000195497,3115.2725629999622,877.5485249998383,0.15945899940561503,0.6355730001814663,4986.038441000346,107.23215269699995,max_end_to_end_throughput,0.2005600261275504
430,7,1,0,8,1056.6451989998313,28.166745000817173,2605.9755030000815,904.0208420001363,0.1590589999977965,0.5933930005994625,4595.9049180000875,107.26700739300031,max_end_to_end_throughput,0.21758500618310245
431,8,2,3,11,822.6088310002524,26.638317000106326,2609.4599660000313,589.4033689992284,0.12784899990947451,0.5858189997525187,4049.264277000475,107.06332486300016,max_end_to_end_throughput,0.24695844271758868
432,0,2,2,15,831.922609000685,20.124994999605406,3153.103734999604,553.2450609998705,0.13428199963527732,0.6444589998864103,4559.563000000708,107.6166785180003,max_end_to_end_throughput,0.2193192637101066
433,1,0,1,14,1107.7342660000795,17.25664199966559,2867.3875699996643,822.8666400000293,0.18311399981030263,0.7224259998110938,4816.590122999514,108.05520319199968,max_end_to_end_throughput,0.2076157560563309
434,2,1,0,3,894.0927989997363,27.26444200015976,2588.280933000533,829.1775330008022,0.1666329999352456,1.2193279999337392,4340.53081500042,108.09688259500035,max_end_to_end_throughput,0.23038656851463987
435,3,2,3,5,827.5714210003571,18.78765499986912,2905.4572209997787,537.0870810002089,0.18273299974680413,0.7084299995767651,4290.091587999996,108.15393204199972,max_end_to_end_throughput,0.2330952567066736
436,4,0,2,4,961.3837329998205,26.582763000078558,3156.351843000266,903.0660670005091,0.16836600025271764,0.6282289996306645,5048.607299999276,108.95822932299961,max_end_to_end_throughput,0.19807442737725778
437,5,1,1,0,1022.3945359994104,20.2268359998925,2688.4772160001376,869.1019419993609,1.9953439996243105,3.667050999865751,4606.249258999924,108.97032233600021,max_end_to_end_throughput,0.2170963714232679
438,6,2,0,7,823.6210040004153,21.12650399976701,2629.8494209995624,599.7281059999295,0.14616399948863545,1.2779179996869061,4076.2138390000473,108.75434000299992,max_end_to_end_throughput,0.2453256967120533
439,7,2,3,9,827.3771430003762,23.932950999551394,3190.6801240002096,549.0150919995358,0.12823100041714497,0.6033820000084233,4592.100274000586,109.30271285900017,max_end_to_end_throughput,0.21776527957409153
440,8,0,2,1,1049.8678949998066,17.008466999868688,2992.259689000093,792.0338650001213,0.13600500005850336,0.7638329998371773,4852.2853380000015,109.75041658600003,max_end_to_end_throughput,0.20608845736433476
441,0,1,1,2,947.7192050007943,30.578793000131554,2579.0103409999574,823.5948820001795,0.29469300079654204,0.47351899956993293,4381.9550150001305,109.78908041199975,max_end_to_end_throughput,0.2282086412518706
442,1,2,0,10,840.0609009995605,29.338674999962677,2908.676731999549,507.7194909999889,0.1813100006984314,1.089664999199158,4287.695182999414,109.81102399999963,max_end_to_end_throughput,0.23322553430686274
443,2,0,3,11,911.6197850007666,21.174786000301538,3254.1167180006596,906.9426969999768,0.20884199966531014,0.8609659998910502,5095.362265000404,110.65772048100007,max_end_to_end_throughput,0.1962568995081885
444,3,1,2,12,1098.1134120002025,19.488079999973706,2705.1770719999695,853.3617180000874,0.10840300001291325,0.5771730002379627,4677.143724999951,110.64241496900013,max_end_to_end_throughput,0.21380570253910905
445,4,2,1,6,846.4585239998996,23.90769400062709,2553.320636000535,596.9318269999349,0.13991199921292718,0.7525720002377057,4021.8643090001933,110.40762239200012,max_end_to_end_throughput,0.24864090958070956
446,5,2,0,13,873.6302830002387,18.92699700056255,3120.4880800005412,581.1937569997099,0.15209499997581588,0.7563799999843468,4595.439028000328,110.98887600099988,max_end_to_end_throughput,0.2176070651589393
447,6,1,3,8,1121.1972260007315,23.354275999736274,3001.3658479992955,847.0628149998447,0.22626500049227616,0.9689790003903909,4994.577742000729,111.49011836600039,max_end_to_end_throughput,0.2002171257823729
448,7,0,2,14,971.9781240000884,20.664698000473436,2580.508197999734,872.1281729995098,0.5491209994943347,1.431846999366826,4447.584067999742,111.5308617239998,max_end_to_end_throughput,0.2248411687583323
449,8,2,1,15,840.4482819996701,16.26393999958964,2874.294242999895,518.2757599995966,3.453080000326736,1.1256530005994136,4254.323996000494,111.51087568900039,max_end_to_end_throughput,0.2350549701762498
450,0,1,0,5,867.6648770006068,28.454837999561278,3306.08740200023,880.6161579996115,0.13507299991033506,0.5217990001256112,5083.9329160007765,112.37027064300037,max_end_to_end_throughput,0.1966981107977797
451,1,2,3,3,1113.987198000359,16.194148999602476,2735.27034000017,616.0345139996934,0.14689599993289448,1.2567579997266876,4483.335130999876,112.12379249199967,max_end_to_end_throughput,0.2230482377026719
452,2,0,2,7,882.0206740001595,26.251651999700698,2544.246061999729,907.4026450007295,0.25001900030474644,0.8953099995778757,4361.313817999871,112.43759300999955,max_end_to_end_throughput,0.2292887055897773
453,3,2,1,4,856.6499040007329,25.187386000652623,3126.4718720003657,541.0628989993711,0.5038649997004541,0.5975109997962136,4550.8250370003225,112.66460990999985,max_end_to_end_throughput,0.21974037495828455
454,4,1,0,9,1119.7888419992523,18.92632599992794,3047.69534100069,789.4579570001952,0.17342499995720573,0.6441280002036365,4976.9473110000035,113.1599364800004,max_end_to_end_throughput,0.20092637866384663
455,5,0,3,1,979.3505859997822,28.43206499983353,2657.2659550001845,844.6251049999773,0.47850800001469906,1.116225000259874,4511.5970599999855,113.28273586700016,max_end_to_end_throughput,0.22165100001195656
456,6,2,2,0,804.2888019999737,18.665657000383362,2855.4438370001662,473.0344760000662,0.2630240005601081,1.002971999696456,4153.037944999596,113.13788104099967,max_end_to_end_throughput,0.24078759049240933
457,7,2,1,2,815.0457290003033,22.29929699933564,3302.8312850001385,551.4070259996515,0.48036199950729497,0.4745109999930719,4693.007619000127,113.68908173,max_end_to_end_throughput,0.21308296964006546
458,8,1,0,10,1085.6962679999924,26.348495000092953,2724.717722000605,865.3494640002464,0.26147100015805336,1.0649989999365062,4703.878664000513,114.02587770500031,max_end_to_end_throughput,0.21259051761967196
459,0,0,3,6,863.1696530001136,23.82843600025808,2614.6993069996824,767.1816109996143,0.20280999979149783,1.1290889997326303,4270.458260999476,114.04975800899956,max_end_to_end_throughput,0.23416690642609297
460,1,2,2,12,849.6106090005924,25.320265999653202,3004.643080000278,553.3964910000577,0.13300000046001514,0.6995529993218952,4434.36213699988,114.24254336299964,max_end_to_end_throughput,0.22551157733738042
461,2,1,1,8,1154.9726060002286,19.407279000006383,3016.0737010000958,880.8980700005122,0.1987530004043947,0.8766750006543589,5072.717229000773,114.90667665900037,max_end_to_end_throughput,0.1971330068001801
462,3,0,0,13,1055.6495939999877,42.584083000292594,2515.2337709996573,843.0255980001675,0.12202899961266667,0.776857999881031,4457.878737000101,114.89243088500007,max_end_to_end_throughput,0.22432193852651613
463,4,2,3,11,844.3591510003898,44.6368650000295,2685.729638000339,521.6133699996135,0.13274899993120926,0.6839229999968666,4097.57934100071,114.76419318100034,max_end_to_end_throughput,0.24404652522378742
464,5,2,2,15,848.8070390003486,33.55013000054896,3197.0096559998638,569.6857559996715,0.13171699993108632,0.5858790000274894,4650.216264000846,115.33382557700043,max_end_to_end_throughput,0.21504376210229048
465,6,0,1,14,1115.1797339998666,22.12669299933623,2745.3408729998046,800.9016139994856,0.12193900056445273,0.9031549998326227,4684.851537999748,115.69352140299998,max_end_to_end_throughput,0.21345393592279377
466,7,1,0,3,836.9999590004227,19.663791000311903,2515.4064779999317,818.5945770001126,0.2203029998781858,1.312322000558197,4192.513063000661,115.72582401300042,max_end_to_end_throughput,0.23852042557126374
467,8,2,3,5,881.5179709999938,24.553748000471387,2870.5519849991106,558.6667210000087,0.13057500018476276,0.51275199984957,4336.328141999729,115.8924602979996,max_end_to_end_throughput,0.23060985406395992
468,0,0,2,4,1098.1992249999166,19.47791199927451,3008.067466999819,849.1685099997994,0.18141000055038603,0.7286569998541381,4976.135717999568,116.54262345799998,max_end_to_end_throughput,0.2009591491612301
469,1,1,1,0,991.7931890004184,17.976404999899387,2567.8915630005577,871.7752940001446,0.4855509996559704,0.885811999978614,4451.221973000429,116.59749435100002,max_end_to_end_throughput,0.22465741004732043
470,2,2,0,7,769.6613269999943,27.357869999832474,2704.0501829997083,519.961799000157,0.14264800029195612,0.6265760002861498,4022.2499170004085,116.41260095300004,max_end_to_end_throughput,0.24861707269193
471,3,2,3,9,820.1263609998932,22.466440000243892,3106.1813799997253,567.830664000212,0.13124699944455642,0.6648480002695578,4517.813194000155,116.98050754900032,max_end_to_end_throughput,0.2213460267299325
472,4,0,2,1,1004.6197259998735,21.01046799998585,2831.3286729999163,794.7697790004895,1.067313000021386,0.7691130003877333,4653.863782999906,117.33837893700002,max_end_to_end_throughput,0.21487521909276736
473,5,1,1,2,869.4544469999528,23.333899000135716,2546.5545140004906,796.5416750002987,0.9205080004903721,0.6169979997139308,4237.762378999832,117.39426033699965,max_end_to_end_throughput,0.23597358949512717
474,6,2,0,10,861.8948799994541,21.12768799997866,2908.439804000409,542.6891060005801,0.1580159996592556,0.7620710002811393,4335.453712999879,117.52337639300004,max_end_to_end_throughput,0.23065636636864445
475,7,0,3,12,936.8601630003468,21.94459200018173,3071.6688630000135,846.8799379998018,0.12036600037390599,0.8413790001213783,4878.64540999999,118.18444171200008,max_end_to_end_throughput,0.20497492971107364
476,8,1,2,11,1053.7736389997008,17.097554999963904,2611.1500349998096,853.2070419996671,0.14155600001686253,0.5873919999430655,4536.228940000001,118.2467160189999,max_end_to_end_throughput,0.2204474274175412
477,0,2,1,6,842.8162150003118,32.107052999890584,2597.6230739997845,517.1404220000113,0.1275690001421026,0.5909390001761494,3990.7071180005005,118.04037400600009,max_end_to_end_throughput,0.2505821576054519
478,1,2,0,13,835.3351860005205,35.81231600037427,3096.7926309995164,547.7554999997665,0.11085799997090362,0.6900349999341415,4516.8512930004,118.58825700600028,max_end_to_end_throughput,0.22139316420482197
479,2,0,3,8,1068.8645850004832,23.931461000756826,2825.4582219997246,811.6888549993746,0.19883300046785735,0.7291179999810993,4731.145989000652,118.9961590490002,max_end_to_end_throughput,0.21136528070046462
480,3,1,2,15,911.8927219997204,29.657846999725734,2522.5246199997855,781.3750049999726,0.144702000397956,0.7196710002972395,4246.604950999426,119.02827760499986,max_end_to_end_throughput,0.23548222910743155
481,4,2,1,14,800.8989400004793,28.355022000141616,2832.97731499988,524.0858710003522,0.16486900040035835,0.6852059996163007,4187.46486100008,119.1124503279998,max_end_to_end_throughput,0.23880797408319573
482,5,0,0,7,949.5110999996541,27.948519000347005,3074.518610999803,900.9794900002817,0.13404200035438407,0.6358629998430843,4954.050960999666,119.89704796899969,max_end_to_end_throughput,0.2018550087337439
483,6,1,3,5,1054.5121329996618,19.624658999418898,2594.796526999744,835.7803629996852,2.4091510003927397,1.5226079995045438,4509.040211999491,119.86719620799977,max_end_to_end_throughput,0.2217766870516685
484,7,2,2,3,819.1247389995624,21.210914999755914,2547.3809479999545,560.1316230004159,0.13110599957144586,1.1249910003243713,3949.434350000047,119.67303884800003,max_end_to_end_throughput,0.2532008159598825
485,8,2,1,4,842.9369260002204,30.056645000513527,3043.9304690007702,557.7264590001505,0.1524660001450684,0.6107959998189472,4475.706742000511,120.23032338800022,max_end_to_end_throughput,0.22342840084134488
486,0,1,0,0,1059.7391169994808,23.327566999796545,2859.087230000114,857.6016320002964,0.13596500048151938,0.8231150004576193,4801.080021999951,120.72191551000014,max_end_to_end_throughput,0.20828646792340638
487,1,0,3,1,905.7295510001495,17.947851999451814,2539.6025710006143,872.9206510006406,0.3430439992371248,1.1837219999506488,4338.074240999958,120.7707954919997,max_end_to_end_throughput,0.23051703231558632
488,2,2,2,9,829.977601999417,19.500346000313584,2815.453685000648,502.8114370006733,0.1555520002511912,0.7100530001480365,4168.960082999547,120.73330443299983,max_end_to_end_throughput,0.23986797189012776
489,3,1,1,10,895.4536789997292,22.715299000083178,3174.440443000094,825.2698420001252,0.1381090005452279,0.5637579997710418,4918.993331999445,121.54698687899963,max_end_to_end_throughput,0.20329362788412758
490,4,2,0,2,1036.0945160000483,23.15382199958549,2668.608562999907,577.1305309999661,0.14063399976294022,2.9665980000572745,4308.406748999914,121.31273812699965,max_end_to_end_throughput,0.23210436206658627
491,5,0,3,6,827.7292780003336,23.28429600038362,2561.1272579999422,832.1476189994428,0.1294129997404525,0.8206800002881209,4245.657713000583,121.60245590700015,max_end_to_end_throughput,0.23553476695446052
492,6,2,2,12,832.5576509996608,19.472123000014108,3043.187575000047,583.3065460001308,0.10744199971668422,0.5802189998576068,4479.471181999543,121.89369717699992,max_end_to_end_throughput,0.22324063697930094
493,7,1,1,11,1041.6535240001394,19.086217999756627,2938.6413539996283,782.9255599999669,0.14872900010232115,0.5620640004053712,4783.309178000309,122.32997256199997,max_end_to_end_throughput,0.20906028918207123
494,8,0,0,13,932.2808839997379,16.55689200015331,2588.2887630004916,781.3879349996569,0.21583499983535148,0.8373210002901033,4320.061897999949,122.38401893100036,max_end_to_end_throughput,0.23147816480661265
495,0,2,3,8,820.0361789995441,14.838998000413994,2849.554557999909,505.6417559999318,0.1582869999765535,0.6480760002887109,4191.199668000081,122.39950510400013,max_end_to_end_throughput,0.238595170646492
496,1,1,2,14,845.87376699983,20.74745600020833,3195.6776389997685,830.5984340004215,0.09766299990587868,0.6928709999556304,4894.065209000473,123.1607121420002,max_end_to_end_throughput,0.20432911236265125
497,2,0,1,3,1065.3355490003378,24.7434949997114,2684.8553260006156,807.1442880000177,0.15186499967967393,0.6666010003755218,4583.238414999869,123.19101877899993,max_end_to_end_throughput,0.21818633670184678
498,3,2,0,15,854.301802000009,25.3738080000403,2505.2799719996983,568.1522119994042,0.12193900056445273,0.573817000258714,3954.2722490004962,122.96760472700043,max_end_to_end_throughput,0.25289103456464473
499,4,2,3,5,853.5406239998338,27.255870999397303,3042.2846699993897,484.3374890006089,0.06615399979637004,1.3063719998172019,4409.102794000319,123.45266302900018,max_end_to_end_throughput,0.22680351235193447
