job,dataset_index,worker,pre_worker,post_worker,slot_wait_ms,io_preprocess_ms,pre_infer_queue_ms,model_ms,infer_post_queue_ms,postprocess_ms,e2e_ms,completion_s,mode,instantaneous_fps
0,0,0,-1,-1,0.0,0.0,0.0,497.0924560002459,0.0,0.0,497.0924560002459,0.49709858799906215,baseline_model_only,2.01169820207351
1,1,0,-1,-1,0.0,0.0,0.0,494.1565080007422,0.0,0.0,494.1565080007422,0.991272688999743,baseline_model_only,2.0236503694867825
2,2,0,-1,-1,0.0,0.0,0.0,498.2232879992807,0.0,0.0,498.2232879992807,1.4895118569984334,baseline_model_only,2.007132191704061
3,3,0,-1,-1,0.0,0.0,0.0,495.6263490003039,0.0,0.0,495.6263490003039,1.9851522230001137,baseline_model_only,2.017648985000567
4,4,0,-1,-1,0.0,0.0,0.0,511.2350220006192,0.0,0.0,511.2350220006192,2.496399527999529,baseline_model_only,1.9560475260217771
5,5,0,-1,-1,0.0,0.0,0.0,505.5799490000936,0.0,0.0,505.5799490000936,3.001991529999941,baseline_model_only,1.9779265415445002
6,6,0,-1,-1,0.0,0.0,0.0,515.5459680008789,0.0,0.0,515.5459680008789,3.517549651000081,baseline_model_only,1.9396912439790337
7,7,0,-1,-1,0.0,0.0,0.0,503.26692899943737,0.0,0.0,503.26692899943737,4.020830686999034,baseline_model_only,1.9870171123465932
8,8,0,-1,-1,0.0,0.0,0.0,507.22101899918925,0.0,0.0,507.22101899918925,4.528064499998436,baseline_model_only,1.9715271302698092
9,0,0,-1,-1,0.0,0.0,0.0,495.92551400019147,0.0,0.0,495.92551400019147,5.024004601998968,baseline_model_only,2.0164318466575484
10,1,0,-1,-1,0.0,0.0,0.0,505.036784999902,0.0,0.0,505.036784999902,5.529055733999485,baseline_model_only,1.980053789547615
11,2,0,-1,-1,0.0,0.0,0.0,505.1569789993664,0.0,0.0,505.1569789993664,6.034227671998451,baseline_model_only,1.9795826675122592
12,3,0,-1,-1,0.0,0.0,0.0,507.6865719984198,0.0,0.0,507.6865719984198,6.5419302149985015,baseline_model_only,1.9697192227552407
13,4,0,-1,-1,0.0,0.0,0.0,498.52041600024677,0.0,0.0,498.52041600024677,7.040464666999469,baseline_model_only,2.0059359013282716
14,5,0,-1,-1,0.0,0.0,0.0,504.06194099923596,0.0,0.0,504.06194099923596,7.544540043998495,baseline_model_only,1.9838831672505022
15,6,0,-1,-1,0.0,0.0,0.0,493.76926100012497,0.0,0.0,493.76926100012497,8.038321297999573,baseline_model_only,2.025237451951767
16,7,0,-1,-1,0.0,0.0,0.0,504.475571000512,0.0,0.0,504.475571000512,8.542812658999537,baseline_model_only,1.9822565402259789
17,8,0,-1,-1,0.0,0.0,0.0,501.2609050008905,0.0,0.0,501.2609050008905,9.044086969999626,baseline_model_only,1.994969067053461
18,0,0,-1,-1,0.0,0.0,0.0,517.6100099997711,0.0,0.0,517.6100099997711,9.56171068599906,baseline_model_only,1.9319564550160886
19,1,0,-1,-1,0.0,0.0,0.0,500.1145490005001,0.0,0.0,500.1145490005001,10.061838019999414,baseline_model_only,1.9995419089457442
20,2,0,-1,-1,0.0,0.0,0.0,494.8322410000401,0.0,0.0,494.8322410000401,10.556682393998926,baseline_model_only,2.020886913065794
21,3,0,-1,-1,0.0,0.0,0.0,493.56574599914893,0.0,0.0,493.56574599914893,11.050261204998606,baseline_model_only,2.0260725305716907
22,4,0,-1,-1,0.0,0.0,0.0,490.667501999269,0.0,0.0,490.667501999269,11.540941300998384,baseline_model_only,2.038040008611554
23,5,0,-1,-1,0.0,0.0,0.0,490.887339999972,0.0,0.0,490.887339999972,12.031841264999457,baseline_model_only,2.037127296866236
24,6,0,-1,-1,0.0,0.0,0.0,491.7807220008399,0.0,0.0,491.7807220008399,12.523635603000002,baseline_model_only,2.0334265969829786
25,7,0,-1,-1,0.0,0.0,0.0,489.7300840002572,0.0,0.0,489.7300840002572,13.013378600999204,baseline_model_only,2.0419411277161297
26,8,0,-1,-1,0.0,0.0,0.0,494.25209000037285,0.0,0.0,494.25209000037285,13.50764462799998,baseline_model_only,2.023259021523299
27,0,0,-1,-1,0.0,0.0,0.0,492.56642000000284,0.0,0.0,492.56642000000284,14.000224663999688,baseline_model_only,2.0301830563277012
28,1,0,-1,-1,0.0,0.0,0.0,512.0326870001009,0.0,0.0,512.0326870001009,14.512274422999326,baseline_model_only,1.9530003169500838
29,2,0,-1,-1,0.0,0.0,0.0,488.3820929990179,0.0,0.0,488.3820929990179,15.000669449998895,baseline_model_only,2.0475771211415217
30,3,0,-1,-1,0.0,0.0,0.0,492.9917370009207,0.0,0.0,492.9917370009207,15.493674642999395,baseline_model_only,2.02843156374877
31,4,0,-1,-1,0.0,0.0,0.0,478.7194170003204,0.0,0.0,478.7194170003204,15.972406844999568,baseline_model_only,2.088906287248697
32,5,0,-1,-1,0.0,0.0,0.0,499.89670700051647,0.0,0.0,499.89670700051647,16.472316245999536,baseline_model_only,2.000413257371121
33,6,0,-1,-1,0.0,0.0,0.0,490.6100440002774,0.0,0.0,490.6100440002774,16.962957689998802,baseline_model_only,2.038278694513304
34,7,0,-1,-1,0.0,0.0,0.0,499.08220799989067,0.0,0.0,499.08220799989067,17.462052992999816,baseline_model_only,2.0036779191299465
35,8,0,-1,-1,0.0,0.0,0.0,494.6258339987253,0.0,0.0,494.6258339987253,17.956693524998627,baseline_model_only,2.0217302277069846
36,0,0,-1,-1,0.0,0.0,0.0,505.972146998829,0.0,0.0,505.972146998829,18.46267874699879,baseline_model_only,1.9763933764565789
37,1,0,-1,-1,0.0,0.0,0.0,497.3732479993487,0.0,0.0,497.3732479993487,18.960065379998923,baseline_model_only,2.0105624981287886
38,2,0,-1,-1,0.0,0.0,0.0,502.480093999111,0.0,0.0,502.480093999111,19.462566163998417,baseline_model_only,1.9901285880625736
39,3,0,-1,-1,0.0,0.0,0.0,497.55987400021695,0.0,0.0,497.55987400021695,19.960139794999122,baseline_model_only,2.0098083713228934
40,4,0,-1,-1,0.0,0.0,0.0,500.0321610004903,0.0,0.0,500.0321610004903,20.460185120999085,baseline_model_only,1.9998713642721462
41,5,0,-1,-1,0.0,0.0,0.0,499.7954779992142,0.0,0.0,499.7954779992142,20.95999368399862,baseline_model_only,2.0008184227740697
42,6,0,-1,-1,0.0,0.0,0.0,511.6535959987232,0.0,0.0,511.6535959987232,21.47166017499876,baseline_model_only,1.9544473210396345
43,7,0,-1,-1,0.0,0.0,0.0,494.2758999986836,0.0,0.0,494.2758999986836,21.96594948099846,baseline_model_only,2.0231615581554014
44,8,0,-1,-1,0.0,0.0,0.0,499.7300399991218,0.0,0.0,499.7300399991218,22.465693176998684,baseline_model_only,2.0010804233456874
45,0,0,-1,-1,0.0,0.0,0.0,498.226395000529,0.0,0.0,498.226395000529,22.963933017999807,baseline_model_only,2.0071196749801627
46,1,0,-1,-1,0.0,0.0,0.0,509.35891199878824,0.0,0.0,509.35891199878824,23.473305816998618,baseline_model_only,1.9632521910255278
47,2,0,-1,-1,0.0,0.0,0.0,498.9996730000712,0.0,0.0,498.9996730000712,23.9723204289985,baseline_model_only,2.0040093292803767
48,3,0,-1,-1,0.0,0.0,0.0,508.53720899976906,0.0,0.0,508.53720899976906,24.480871353998737,baseline_model_only,1.9664244470269512
49,4,0,-1,-1,0.0,0.0,0.0,495.9950860011304,0.0,0.0,495.9950860011304,24.976879494999594,baseline_model_only,2.0161490067619763
50,5,0,-1,-1,0.0,0.0,0.0,500.965498998994,0.0,0.0,500.965498998994,25.477859220998653,baseline_model_only,1.9961454471378839
51,6,0,-1,-1,0.0,0.0,0.0,494.8389239998505,0.0,0.0,494.8389239998505,25.972712261998822,baseline_model_only,2.020859620170668
52,7,0,-1,-1,0.0,0.0,0.0,499.64692699904845,0.0,0.0,499.64692699904845,26.47237188299914,baseline_model_only,2.0014132899928843
53,8,0,-1,-1,0.0,0.0,0.0,493.7820429986459,0.0,0.0,493.7820429986459,26.966167240998402,baseline_model_only,2.0251850268332707
54,0,0,-1,-1,0.0,0.0,0.0,504.53956100136566,0.0,0.0,504.53956100136566,27.47071925599994,baseline_model_only,1.9820051335821678
55,1,0,-1,-1,0.0,0.0,0.0,501.4034050000191,0.0,0.0,501.4034050000191,27.972135885998796,baseline_model_only,1.994402092263338
56,2,0,-1,-1,0.0,0.0,0.0,506.3769219996175,0.0,0.0,506.3769219996175,28.478526483999303,baseline_model_only,1.9748135362313282
57,3,0,-1,-1,0.0,0.0,0.0,504.4702180002787,0.0,0.0,504.4702180002787,28.983025247000114,baseline_model_only,1.9822775742124137
58,4,0,-1,-1,0.0,0.0,0.0,506.20997000078205,0.0,0.0,506.20997000078205,29.489248351999777,baseline_model_only,1.9754648451480619
59,5,0,-1,-1,0.0,0.0,0.0,499.8870840008749,0.0,0.0,499.8870840008749,29.989148070999363,baseline_model_only,2.000451766019723
60,6,0,-1,-1,0.0,0.0,0.0,500.3373220006324,0.0,0.0,500.3373220006324,30.48949839799934,baseline_model_only,1.9986516216728203
61,7,0,-1,-1,0.0,0.0,0.0,505.0613860003068,0.0,0.0,505.0613860003068,30.99457294899912,baseline_model_only,1.9799573432434063
62,8,0,-1,-1,0.0,0.0,0.0,507.53465900015726,0.0,0.0,507.53465900015726,31.502120622999428,baseline_model_only,1.9703087902804488
63,0,0,-1,-1,0.0,0.0,0.0,503.8687159994879,0.0,0.0,503.8687159994879,32.00600250399839,baseline_model_only,1.9846439523763098
64,1,0,-1,-1,0.0,0.0,0.0,504.98680700002296,0.0,0.0,504.98680700002296,32.51100212499841,baseline_model_only,1.9802497533365353
65,2,0,-1,-1,0.0,0.0,0.0,500.90282499877503,0.0,0.0,500.90282499877503,33.011919036998734,baseline_model_only,1.996395208995768
66,3,0,-1,-1,0.0,0.0,0.0,499.8371120000229,0.0,0.0,499.8371120000229,33.51176932399903,baseline_model_only,2.0006517643290844
67,4,0,-1,-1,0.0,0.0,0.0,498.921156000506,0.0,0.0,498.921156000506,34.01070259299922,baseline_model_only,2.0043247073671613
68,5,0,-1,-1,0.0,0.0,0.0,499.28204999923764,0.0,0.0,499.28204999923764,34.50999866999882,baseline_model_only,2.002875929550295
69,6,0,-1,-1,0.0,0.0,0.0,502.39233100001,0.0,0.0,502.39233100001,35.01240457699896,baseline_model_only,1.9904762439536126
70,7,0,-1,-1,0.0,0.0,0.0,507.7492840009654,0.0,0.0,507.7492840009654,35.5201686599994,baseline_model_only,1.9694759431666646
71,8,0,-1,-1,0.0,0.0,0.0,501.22886700046365,0.0,0.0,501.22886700046365,36.02141095299885,baseline_model_only,1.995096583292109
72,0,0,-1,-1,0.0,0.0,0.0,507.41924199974164,0.0,0.0,507.41924199974164,36.528853668998636,baseline_model_only,1.9707569544643109
73,1,0,-1,-1,0.0,0.0,0.0,496.73056800020277,0.0,0.0,496.73056800020277,37.025598624999475,baseline_model_only,2.01316380432539
74,2,0,-1,-1,0.0,0.0,0.0,497.1469289994275,0.0,0.0,497.1469289994275,37.522760592999475,baseline_model_only,2.0114777778324595
75,3,0,-1,-1,0.0,0.0,0.0,496.3695890000963,0.0,0.0,496.3695890000963,38.01914311600012,baseline_model_only,2.0146278542455307
76,4,0,-1,-1,0.0,0.0,0.0,505.62360899857595,0.0,0.0,505.62360899857595,38.52477957999872,baseline_model_only,1.9777557499353564
77,5,0,-1,-1,0.0,0.0,0.0,495.94583999896713,0.0,0.0,495.94583999896713,39.020742892998896,baseline_model_only,2.0163492045866995
78,6,0,-1,-1,0.0,0.0,0.0,496.7198220001592,0.0,0.0,496.7198220001592,39.517476220999015,baseline_model_only,2.0132073569628544
79,7,0,-1,-1,0.0,0.0,0.0,492.79435700009344,0.0,0.0,492.79435700009344,40.01028450499871,baseline_model_only,2.029244015876201
80,8,0,-1,-1,0.0,0.0,0.0,499.6792589990946,0.0,0.0,499.6792589990946,40.5099823799992,baseline_model_only,2.0012837875302165
81,0,0,-1,-1,0.0,0.0,0.0,496.7390460005845,0.0,0.0,496.7390460005845,41.006734861999576,baseline_model_only,2.013129445030225
82,1,0,-1,-1,0.0,0.0,0.0,502.491003000614,0.0,0.0,502.491003000614,41.509239480999895,baseline_model_only,1.9900853826805294
83,2,0,-1,-1,0.0,0.0,0.0,492.05908399926557,0.0,0.0,492.05908399926557,42.001311689999056,baseline_model_only,2.0322762703055646
84,3,0,-1,-1,0.0,0.0,0.0,506.68407600096543,0.0,0.0,506.68407600096543,42.50801537299958,baseline_model_only,1.9736163960244422
85,4,0,-1,-1,0.0,0.0,0.0,495.2981840015127,0.0,0.0,495.2981840015127,43.003327162999994,baseline_model_only,2.018985799465289
86,5,0,-1,-1,0.0,0.0,0.0,500.8774699999776,0.0,0.0,500.8774699999776,43.50421751799877,baseline_model_only,1.9964962688380548
87,6,0,-1,-1,0.0,0.0,0.0,496.27400999997917,0.0,0.0,496.27400999997917,44.000505273999806,baseline_model_only,2.015015857872634
88,7,0,-1,-1,0.0,0.0,0.0,503.5115139999107,0.0,0.0,503.5115139999107,44.50403034299961,baseline_model_only,1.9860519018839704
89,8,0,-1,-1,0.0,0.0,0.0,495.68941300094593,0.0,0.0,495.68941300094593,44.99973334199967,baseline_model_only,2.0173922899541363
90,0,0,-1,-1,0.0,0.0,0.0,501.34174800041365,0.0,0.0,501.34174800041365,45.50108995899973,baseline_model_only,1.9946473717548352
91,1,0,-1,-1,0.0,0.0,0.0,494.2668859985133,0.0,0.0,494.2668859985133,45.995370711998476,baseline_model_only,2.023198454777745
92,2,0,-1,-1,0.0,0.0,0.0,495.96181100059766,0.0,0.0,495.96181100059766,46.49134625899933,baseline_model_only,2.016284273949461
93,3,0,-1,-1,0.0,0.0,0.0,495.76941700070165,0.0,0.0,495.76941700070165,46.9871317369998,baseline_model_only,2.0170667364876698
94,4,0,-1,-1,0.0,0.0,0.0,503.4611099999893,0.0,0.0,503.4611099999893,47.49060483999892,baseline_model_only,1.9862507354342052
95,5,0,-1,-1,0.0,0.0,0.0,488.5173440015933,0.0,0.0,488.5173440015933,47.97913525900003,baseline_model_only,2.047010228559538
96,6,0,-1,-1,0.0,0.0,0.0,498.33926599967526,0.0,0.0,498.33926599967526,48.47748768999918,baseline_model_only,2.00666507383075
97,7,0,-1,-1,0.0,0.0,0.0,489.48095600098895,0.0,0.0,489.48095600098895,48.966982171999916,baseline_model_only,2.042980401464239
98,8,0,-1,-1,0.0,0.0,0.0,499.729514000137,0.0,0.0,499.729514000137,49.46672450099868,baseline_model_only,2.001082529617664
99,0,0,-1,-1,0.0,0.0,0.0,496.3810899989767,0.0,0.0,496.3810899989767,49.96312469699842,baseline_model_only,2.0145811759308994
0,0,0,0,0,0.0,12.687361999269342,0.0,493.2717279989447,0.0,0.44860600064566825,506.40892800038273,0.506727096000759,baseline_end_to_end,1.9746887242857698
1,1,0,0,0,0.0,10.19924999854993,0.0,505.21271099933074,0.0,0.4906470003334107,515.9039610007312,1.0228477210002893,baseline_end_to_end,1.9383452649990076
2,2,0,0,0,0.0,15.153350001128274,0.0,494.74558499969135,0.0,0.4884930003754562,510.38914099990507,1.533457403000284,baseline_end_to_end,1.9592893337050563
3,3,0,0,0,0.0,10.91090800036909,0.0,509.2598689989245,0.0,0.4312130004109349,520.6034229995566,2.054312456999469,baseline_end_to_end,1.9208479157480522
4,4,0,0,0,0.0,13.775466999504715,0.0,495.36025000088557,0.0,0.4581849989335751,509.59497399890097,2.5641274619993055,baseline_end_to_end,1.9623427447739246
5,5,0,0,0,0.0,12.180962999991607,0.0,504.14159299907624,0.0,0.45944699922984,516.7833760006033,3.081131038999956,baseline_end_to_end,1.9350467651243344
6,6,0,0,0,0.0,13.54119899951911,0.0,492.41313399943465,0.0,0.5300929988152348,506.48572799946123,3.587838069999634,baseline_end_to_end,1.9743892961206277
7,7,0,0,0,0.0,11.088044999269187,0.0,505.03197299985914,0.0,0.4818899997189874,516.6031499993551,4.104747033999956,baseline_end_to_end,1.9357218398711824
8,8,0,0,0,0.0,13.110365998727502,0.0,495.76131900175824,0.0,0.4401009991852334,509.31282800047484,4.61429470999974,baseline_end_to_end,1.963429831378737
9,0,0,0,0,0.0,10.749316999863368,0.0,504.6991569997772,0.0,0.4403709990583593,515.8904179988895,5.130499978999069,baseline_end_to_end,1.938396149862494
10,1,0,0,0,0.0,11.643103000096744,0.0,491.75907999961055,0.0,0.44679300117422827,503.8499270012835,5.634571930000675,baseline_end_to_end,1.984717961460482
11,2,0,0,0,0.0,13.08719100052258,0.0,507.894127000327,0.0,0.46340500011865515,521.4461550003762,6.156244427000274,baseline_end_to_end,1.9177435491863557
12,3,0,0,0,0.0,12.9118839995499,0.0,495.78775400004815,0.0,0.45560000035038684,509.1564300000755,6.665621367999847,baseline_end_to_end,1.964032939738877
13,4,0,0,0,0.0,12.813236000511097,0.0,505.58083999931114,0.0,0.5033609995734878,518.8988589998189,7.184737401999882,baseline_end_to_end,1.9271578317352764
14,5,0,0,0,0.0,13.775232000625692,0.0,500.024986000426,0.0,0.44576099935511593,514.2473119994975,7.699207028999808,baseline_end_to_end,1.9445896491160992
15,6,0,0,0,0.0,10.15551099953882,0.0,506.6615220002859,0.0,0.5862190009793267,517.405165001037,8.216818658000193,baseline_end_to_end,1.9327213326098047
16,7,0,0,0,0.0,12.614404000487411,0.0,487.52842899921234,0.0,0.5519440001080511,500.6958089998079,8.717734808000387,baseline_end_to_end,1.9972206318195558
17,8,0,0,0,0.0,10.700971999540343,0.0,505.9330800013413,0.0,0.5066279991297051,517.1415610002441,9.235093372999472,baseline_end_to_end,1.9337065040098913
18,0,0,0,0,0.0,12.359256001218455,0.0,496.96805300118285,0.0,0.44844599869975355,509.7771679993457,9.74518061299932,baseline_end_to_end,1.9616414048604145
19,1,0,0,0,0.0,10.50838199989812,0.0,503.5196240005462,0.0,0.485336999190622,514.5149159998255,10.259923854999215,baseline_end_to_end,1.9435782499264593
20,2,0,0,0,0.0,14.824251000391087,0.0,491.58124000132375,0.0,0.4869700005656341,506.89483499991184,10.767041736000465,baseline_end_to_end,1.9727957969825711
21,3,0,0,0,0.0,10.407117999420734,0.0,504.31717799983744,0.0,0.46214299982239027,515.1877309999691,11.282475576999786,baseline_end_to_end,1.9410400128493357
22,4,0,0,0,0.0,14.4553360005375,0.0,495.76124000122945,0.0,0.46131000090099405,510.67902900103945,11.793401527000242,baseline_end_to_end,1.958177139085076
23,5,0,0,0,0.0,11.679585999445408,0.0,505.60284399944067,0.0,0.44478900053945836,517.7282410004409,12.31136901500031,baseline_end_to_end,1.9315152638141453
24,6,0,0,0,0.0,13.263690001622308,0.0,497.38072299987834,0.0,0.4965879998053424,511.1430240012851,12.82274340100048,baseline_end_to_end,1.9563995849378664
25,7,0,0,0,0.0,10.929112999292556,0.0,501.04097800067393,0.0,0.4402599988679867,512.4121749995538,13.335401374999492,baseline_end_to_end,1.951553941904036
26,8,0,0,0,0.0,13.296391998665058,0.0,496.298216001378,0.0,0.4470430012588622,510.04292300058296,13.845674718000737,baseline_end_to_end,1.9606193026206484
27,0,0,0,0,0.0,10.85205399976985,0.0,505.2626090000558,0.0,0.48464499923284166,516.6007219995663,14.362585651999325,baseline_end_to_end,1.9357309376753824
28,1,0,0,0,0.0,12.824890998672345,0.0,498.24813900158915,0.0,0.45978799971635453,511.5342499993858,14.874352705999627,baseline_end_to_end,1.954903312928119
29,2,0,0,0,0.0,13.531478000004427,0.0,502.7568269997573,0.0,0.4363629996078089,516.7257909997716,15.39131827500023,baseline_end_to_end,1.935262410775316
30,3,0,0,0,0.0,12.829137000153423,0.0,495.1146580006025,0.0,0.4756779999297578,508.42089700017823,15.89995690700016,baseline_end_to_end,1.966874308078744
31,4,0,0,0,0.0,12.030582000079448,0.0,504.30144799975096,0.0,0.44288600111030973,516.7762590008351,16.416952154000683,baseline_end_to_end,1.9350734144278559
32,5,0,0,0,0.0,13.478214999850024,0.0,496.3006830002996,0.0,0.4418940006871708,510.22238500081585,16.927400139000383,baseline_end_to_end,1.95992968830327
33,6,0,0,0,0.0,11.603036000451539,0.0,508.0085559984582,0.0,0.4348599995864788,520.0488760001463,17.447676658999626,baseline_end_to_end,1.9228961856264424
34,7,0,0,0,0.0,11.958864000916947,0.0,493.29100999966613,0.0,0.47882400031085126,505.7299609998154,17.95361632999993,baseline_end_to_end,1.9773398396706123
35,8,0,0,0,0.0,10.990414999469067,0.0,506.24674600112485,0.0,0.4508199999690987,517.6894440010074,18.471546413000397,baseline_end_to_end,1.931660016614235
36,0,0,0,0,0.0,12.485118000768125,0.0,496.6887249993306,0.0,0.4476750000321772,509.62296100078674,18.98148055800084,baseline_end_to_end,1.9622349786521025
37,1,0,0,0,0.0,10.30818300023384,0.0,491.2461889998667,0.0,0.4915980007353937,502.04722300077265,19.483758651000244,baseline_end_to_end,1.9918445002502503
38,2,0,0,0,0.0,13.910116998886224,0.0,495.9944620004535,0.0,0.43888700020033866,510.34491899918066,19.994322567999916,baseline_end_to_end,1.9594591084811124
39,3,0,0,0,0.0,10.87058499979321,0.0,509.4515849996242,0.0,0.4604989990184549,520.7842029994936,20.515338392999183,baseline_end_to_end,1.9201811311488117
40,4,0,0,0,0.0,13.831496000420884,0.0,495.7423720006773,0.0,0.44876599895360414,510.02367599903664,21.02558489399962,baseline_end_to_end,1.9606932914265118
41,5,0,0,0,0.0,11.612049000177649,0.0,504.1274680006609,0.0,0.5036910006310791,516.2445200003276,21.5420508469997,baseline_end_to_end,1.9370665668264437
42,6,0,0,0,0.0,13.258129998575896,0.0,493.98700399979134,0.0,0.4654989988921443,507.71214499945927,22.04998315299963,baseline_end_to_end,1.969620009781458
43,7,0,0,0,0.0,10.701029999836464,0.0,504.0326689995709,0.0,0.4353000003902707,515.1704930012784,22.565367924000384,baseline_end_to_end,1.9411049615326446
44,8,0,0,0,0.0,12.822818998756702,0.0,516.2175240002398,0.0,0.6034510006429628,529.6449070010567,23.095242269000664,baseline_end_to_end,1.8880574263654817
0,0,1,-1,-1,0.0,0.0,0.0,943.2999269993161,0.0,0.0,943.2999269993161,0.9433725549988594,max_model_only_throughput,1.060108213069675
1,1,3,-1,-1,0.0,0.0,0.0,1035.3398830011429,0.0,0.0,1035.3398830011429,1.0355215489998955,max_model_only_throughput,0.9658663946194141
2,2,2,-1,-1,0.0,0.0,0.0,858.9267980005388,0.0,0.0,858.9267980005388,0.8591808219989616,max_model_only_throughput,1.1642435680524346
3,3,0,-1,-1,0.0,0.0,0.0,1024.586890000137,0.0,0.0,1024.586890000137,1.0255926479985646,max_model_only_throughput,0.9760031186811949
4,4,2,-1,-1,0.0,0.0,0.0,937.267941000755,0.0,0.0,937.267941000755,1.7964692919995287,max_model_only_throughput,1.0669307636109517
5,5,1,-1,-1,0.0,0.0,0.0,997.3308429998724,0.0,0.0,997.3308429998724,1.940756138999859,max_model_only_throughput,1.0026763004662516
6,6,0,-1,-1,0.0,0.0,0.0,986.3918989995,0.0,0.0,986.3918989995,2.0120300439994026,max_model_only_throughput,1.0137958361319703
7,7,3,-1,-1,0.0,0.0,0.0,871.0233859983418,0.0,0.0,871.0233859983418,1.9066027559983922,max_model_only_throughput,1.1480748003727006
8,8,2,-1,-1,0.0,0.0,0.0,871.808838999641,0.0,0.0,871.808838999641,2.6683085089989618,max_model_only_throughput,1.1470404465587345
9,0,3,-1,-1,0.0,0.0,0.0,885.9063729996706,0.0,0.0,885.9063729996706,2.7925480939993577,max_model_only_throughput,1.1287874548345436
10,1,1,-1,-1,0.0,0.0,0.0,962.9967250002665,0.0,0.0,962.9967250002665,2.9037973289996444,max_model_only_throughput,1.0384251306770782
11,2,0,-1,-1,0.0,0.0,0.0,954.3663270014804,0.0,0.0,954.3663270014804,2.9664345940000203,max_model_only_throughput,1.0478156780131753
12,3,2,-1,-1,0.0,0.0,0.0,841.687895999712,0.0,0.0,841.687895999712,3.5100266319986986,max_model_only_throughput,1.188088844751953
13,4,3,-1,-1,0.0,0.0,0.0,928.2475729996804,0.0,0.0,928.2475729996804,3.7208200529985334,max_model_only_throughput,1.077298803775428
14,5,1,-1,-1,0.0,0.0,0.0,906.3618780000979,0.0,0.0,906.3618780000979,3.81017693099966,max_model_only_throughput,1.1033120702367978
15,6,0,-1,-1,0.0,0.0,0.0,947.330591001446,0.0,0.0,947.330591001446,3.913788279000073,max_model_only_throughput,1.0555977073883742
16,7,2,-1,-1,0.0,0.0,0.0,828.4764979998727,0.0,0.0,828.4764979998727,4.338526974999695,max_model_only_throughput,1.2070348433712041
17,8,3,-1,-1,0.0,0.0,0.0,888.9032739989489,0.0,0.0,888.9032739989489,4.6097526229987125,max_model_only_throughput,1.1249817941397102
18,0,1,-1,-1,0.0,0.0,0.0,945.8762190006382,0.0,0.0,945.8762190006382,4.756127270999059,max_model_only_throughput,1.057220786305999
19,1,0,-1,-1,0.0,0.0,0.0,912.9624100005458,0.0,0.0,912.9624100005458,4.826771428999564,max_model_only_throughput,1.0953353490199034
20,2,2,-1,-1,0.0,0.0,0.0,811.5514960009023,0.0,0.0,811.5514960009023,5.1501050219994795,max_model_only_throughput,1.2322076971427187
21,3,3,-1,-1,0.0,0.0,0.0,911.9546709989663,0.0,0.0,911.9546709989663,5.52172667099876,max_model_only_throughput,1.0965457295202927
22,4,1,-1,-1,0.0,0.0,0.0,958.9400220011157,0.0,0.0,958.9400220011157,5.7150978009995015,max_model_only_throughput,1.042818087739419
23,5,0,-1,-1,0.0,0.0,0.0,958.2992239993473,0.0,0.0,958.2992239993473,5.7851042869988305,max_model_only_throughput,1.043515402033427
24,6,2,-1,-1,0.0,0.0,0.0,763.3286440013762,0.0,0.0,763.3286440013762,5.913472760999866,max_model_only_throughput,1.3100517160708003
25,7,3,-1,-1,0.0,0.0,0.0,849.450802001229,0.0,0.0,849.450802001229,6.371206327999971,max_model_only_throughput,1.1772312153265272
26,8,1,-1,-1,0.0,0.0,0.0,922.8481970003486,0.0,0.0,922.8481970003486,6.6379659559988795,max_model_only_throughput,1.0836018353293941
27,0,0,-1,-1,0.0,0.0,0.0,985.3472859995236,0.0,0.0,985.3472859995236,6.770497730998613,max_model_only_throughput,1.014870608777912
28,1,2,-1,-1,0.0,0.0,0.0,867.0189509994088,0.0,0.0,867.0189509994088,6.780529062998539,max_model_only_throughput,1.1533773268131042
29,2,3,-1,-1,0.0,0.0,0.0,849.5591379996768,0.0,0.0,849.5591379996768,7.220790683999439,max_model_only_throughput,1.1770810945010168
30,3,1,-1,-1,0.0,0.0,0.0,909.6381710005517,0.0,0.0,909.6381710005517,7.547633923999456,max_model_only_throughput,1.0993382114781478
31,4,0,-1,-1,0.0,0.0,0.0,908.0560149996018,0.0,0.0,908.0560149996018,7.678572451999571,max_model_only_throughput,1.1012536489838003
32,5,2,-1,-1,0.0,0.0,0.0,868.5557499993593,0.0,0.0,868.5557499993593,7.649131992999173,max_model_only_throughput,1.1513365722358497
33,6,3,-1,-1,0.0,0.0,0.0,834.8120210011984,0.0,0.0,834.8120210011984,8.055632200999753,max_model_only_throughput,1.1978744613675902
34,7,1,-1,-1,0.0,0.0,0.0,979.1676839995489,0.0,0.0,979.1676839995489,8.526830101998712,max_model_only_throughput,1.0212755346616
35,8,2,-1,-1,0.0,0.0,0.0,884.2454260011436,0.0,0.0,884.2454260011436,8.533420249999836,max_model_only_throughput,1.1309077441568882
36,0,0,-1,-1,0.0,0.0,0.0,887.5878899998497,0.0,0.0,887.5878899998497,8.5662043859993,max_model_only_throughput,1.1266489902201902
37,1,3,-1,-1,0.0,0.0,0.0,860.4490760008048,0.0,0.0,860.4490760008048,8.916111354999884,max_model_only_throughput,1.1621838269009481
38,2,1,-1,-1,0.0,0.0,0.0,951.3256560003356,0.0,0.0,951.3256560003356,9.478209659999266,max_model_only_throughput,1.0511647548793188
39,3,2,-1,-1,0.0,0.0,0.0,880.5404079994332,0.0,0.0,880.5404079994332,9.414016474998789,max_model_only_throughput,1.1356662237363713
40,4,0,-1,-1,0.0,0.0,0.0,1007.8515440000047,0.0,0.0,1007.8515440000047,9.574111135998464,max_model_only_throughput,0.9922096224917778
41,5,3,-1,-1,0.0,0.0,0.0,785.8411120014352,0.0,0.0,785.8411120014352,9.701970801999778,max_model_only_throughput,1.2725218682605315
42,6,2,-1,-1,0.0,0.0,0.0,856.9979370004148,0.0,0.0,856.9979370004148,10.2710424959987,max_model_only_throughput,1.1668639524385647
43,7,1,-1,-1,0.0,0.0,0.0,968.3771290001459,0.0,0.0,968.3771290001459,10.446629890999247,max_model_only_throughput,1.0326555326977878
44,8,0,-1,-1,0.0,0.0,0.0,975.33628400015,0.0,0.0,975.33628400015,10.549509097998452,max_model_only_throughput,1.0252873971823304
45,0,3,-1,-1,0.0,0.0,0.0,857.3127169984218,0.0,0.0,857.3127169984218,10.559333513998354,max_model_only_throughput,1.166435514337344
46,1,2,-1,-1,0.0,0.0,0.0,854.8323959985282,0.0,0.0,854.8323959985282,11.125904998998521,max_model_only_throughput,1.169819960826241
47,2,1,-1,-1,0.0,0.0,0.0,953.3121329986898,0.0,0.0,953.3121329986898,11.399963344998469,max_model_only_throughput,1.0489743761620354
48,3,0,-1,-1,0.0,0.0,0.0,971.934176999639,0.0,0.0,971.934176999639,11.521469204999448,max_model_only_throughput,1.0288762589736273
49,4,3,-1,-1,0.0,0.0,0.0,878.5479710004438,0.0,0.0,878.5479710004438,11.4379264399995,max_model_only_throughput,1.13824177279842
50,5,2,-1,-1,0.0,0.0,0.0,819.6424699999625,0.0,0.0,819.6424699999625,11.945573528999375,max_model_only_throughput,1.220044149249667
51,6,1,-1,-1,0.0,0.0,0.0,894.9641230010457,0.0,0.0,894.9641230010457,12.29497123100009,max_model_only_throughput,1.117363226412632
52,7,3,-1,-1,0.0,0.0,0.0,931.9110550004552,0.0,0.0,931.9110550004552,12.369876709999517,max_model_only_throughput,1.07306378074838
53,8,0,-1,-1,0.0,0.0,0.0,797.2232810006972,0.0,0.0,797.2232810006972,12.31872406599905,max_model_only_throughput,1.2543537348091136
54,0,2,-1,-1,0.0,0.0,0.0,797.8382669989514,0.0,0.0,797.8382669989514,12.743436703998668,max_model_only_throughput,1.253386859672042
55,1,1,-1,-1,0.0,0.0,0.0,1043.4764769997855,0.0,0.0,1043.4764769997855,13.338474939999287,max_model_only_throughput,0.958334971647095
56,2,0,-1,-1,0.0,0.0,0.0,848.1476430006296,0.0,0.0,848.1476430006296,13.166914470999473,max_model_only_throughput,1.1790400035330377
57,3,3,-1,-1,0.0,0.0,0.0,941.4847289990576,0.0,0.0,941.4847289990576,13.311394250999001,max_model_only_throughput,1.0621521190929493
58,4,2,-1,-1,0.0,0.0,0.0,825.4489720002312,0.0,0.0,825.4489720002312,13.568904612999177,max_model_only_throughput,1.2114619242626181
59,5,0,-1,-1,0.0,0.0,0.0,832.7654330005316,0.0,0.0,832.7654330005316,13.99969905999933,max_model_only_throughput,1.2008183341579233
60,6,3,-1,-1,0.0,0.0,0.0,975.323959999514,0.0,0.0,975.323959999514,14.28677233399867,max_model_only_throughput,1.0253003525110758
61,7,1,-1,-1,0.0,0.0,0.0,921.7110200006573,0.0,0.0,921.7110200006573,14.260211157999947,max_model_only_throughput,1.0849387479378156
62,8,2,-1,-1,0.0,0.0,0.0,758.9130139986082,0.0,0.0,758.9130139986082,14.327854587998445,max_model_only_throughput,1.3176740700902434
63,0,0,-1,-1,0.0,0.0,0.0,787.5515859996085,0.0,0.0,787.5515859996085,14.787272828998539,max_model_only_throughput,1.2697580930279495
64,1,1,-1,-1,0.0,0.0,0.0,934.3592660006834,0.0,0.0,934.3592660006834,15.194601322999006,max_model_only_throughput,1.0702521357553152
65,2,3,-1,-1,0.0,0.0,0.0,956.2641310003528,0.0,0.0,956.2641310003528,15.243083503999515,max_model_only_throughput,1.0457361806030463
66,3,2,-1,-1,0.0,0.0,0.0,934.296011000697,0.0,0.0,934.296011000697,15.262184703999083,max_model_only_throughput,1.0703245954447878
67,4,0,-1,-1,0.0,0.0,0.0,764.655369999673,0.0,0.0,764.655369999673,15.55194724499961,max_model_only_throughput,1.307778692511409
68,5,1,-1,-1,0.0,0.0,0.0,984.2326139987563,0.0,0.0,984.2326139987563,16.17894438699841,max_model_only_throughput,1.0160199791969744
69,6,3,-1,-1,0.0,0.0,0.0,959.405223999056,0.0,0.0,959.405223999056,16.202516550998553,max_model_only_throughput,1.0423124400258466
70,7,2,-1,-1,0.0,0.0,0.0,953.931134999948,0.0,0.0,953.931134999948,16.216158109999014,max_model_only_throughput,1.0482937009913766
71,8,0,-1,-1,0.0,0.0,0.0,693.0322369989881,0.0,0.0,693.0322369989881,16.245010720998835,max_model_only_throughput,1.4429343205306915
72,0,1,-1,-1,0.0,0.0,0.0,1098.2723790002638,0.0,0.0,1098.2723790002638,17.27726432700001,max_model_only_throughput,0.910520940998517
73,1,3,-1,-1,0.0,0.0,0.0,1012.27744300013,0.0,0.0,1012.27744300013,17.214851542999895,max_model_only_throughput,0.9878714644043209
74,2,2,-1,-1,0.0,0.0,0.0,924.9908149995463,0.0,0.0,924.9908149995463,17.14122609199876,max_model_only_throughput,1.0810918160311576
75,3,0,-1,-1,0.0,0.0,0.0,863.7881760005257,0.0,0.0,863.7881760005257,17.108845976999874,max_model_only_throughput,1.1576912347077455
76,4,0,-1,-1,0.0,0.0,0.0,894.7579480009153,0.0,0.0,894.7579480009153,18.003654100999483,max_model_only_throughput,1.1176206953335461
77,5,2,-1,-1,0.0,0.0,0.0,1021.2762009996368,0.0,0.0,1021.2762009996368,18.16256443199927,max_model_only_throughput,0.9791670451354771
78,6,3,-1,-1,0.0,0.0,0.0,953.0875250002282,0.0,0.0,953.0875250002282,18.16798296199886,max_model_only_throughput,1.0492215811971315
79,7,1,-1,-1,0.0,0.0,0.0,854.8501519999263,0.0,0.0,854.8501519999263,18.132157270998505,max_model_only_throughput,1.169795662620513
80,8,0,-1,-1,0.0,0.0,0.0,888.8297009998496,0.0,0.0,888.8297009998496,18.89250919999904,max_model_only_throughput,1.1250749146603611
81,0,1,-1,-1,0.0,0.0,0.0,838.2180649987276,0.0,0.0,838.2180649987276,18.970425771998634,max_model_only_throughput,1.193006977249432
82,1,2,-1,-1,0.0,0.0,0.0,933.9515309984563,0.0,0.0,933.9515309984563,19.096554946998367,max_model_only_throughput,1.0707193754807955
83,2,3,-1,-1,0.0,0.0,0.0,978.1177690001641,0.0,0.0,978.1177690001641,19.14616753900009,max_model_only_throughput,1.0223717753560535
84,3,0,-1,-1,0.0,0.0,0.0,839.7706020004989,0.0,0.0,839.7706020004989,19.73230346699893,max_model_only_throughput,1.1908013898293215
85,4,1,-1,-1,0.0,0.0,0.0,806.3230240004486,0.0,0.0,806.3230240004486,19.776781246999235,max_model_only_throughput,1.2401977498281676
86,5,2,-1,-1,0.0,0.0,0.0,924.2051490000449,0.0,0.0,924.2051490000449,20.020810921998418,max_model_only_throughput,1.0820108512508964
87,6,3,-1,-1,0.0,0.0,0.0,952.7265279994026,0.0,0.0,952.7265279994026,20.09893938299865,max_model_only_throughput,1.0496191410769944
88,7,0,-1,-1,0.0,0.0,0.0,856.0229659997276,0.0,0.0,856.0229659997276,20.588348604998828,max_model_only_throughput,1.1681929571038148
89,8,1,-1,-1,0.0,0.0,0.0,828.8927240009798,0.0,0.0,828.8927240009798,20.60569902899988,max_model_only_throughput,1.2064287344363491
90,0,2,-1,-1,0.0,0.0,0.0,907.3031789994275,0.0,0.0,907.3031789994275,20.928147895998336,max_model_only_throughput,1.1021674156402697
91,1,3,-1,-1,0.0,0.0,0.0,884.9004080002487,0.0,0.0,884.9004080002487,20.983862934999706,max_model_only_throughput,1.130070673444326
92,2,0,-1,-1,0.0,0.0,0.0,927.9444390012941,0.0,0.0,927.9444390012941,21.516325014999893,max_model_only_throughput,1.0776507277485883
93,3,1,-1,-1,0.0,0.0,0.0,860.5703049997828,0.0,0.0,860.5703049997828,21.46634930699838,max_model_only_throughput,1.1620201094438791
94,4,2,-1,-1,0.0,0.0,0.0,888.9542650013027,0.0,0.0,888.9542650013027,21.817129783999917,max_model_only_throughput,1.1249172644427714
95,5,3,-1,-1,0.0,0.0,0.0,891.7346310008725,0.0,0.0,891.7346310008725,21.875619607999397,max_model_only_throughput,1.1214098513563522
96,6,1,-1,-1,0.0,0.0,0.0,850.0515700015967,0.0,0.0,850.0515700015967,22.31642151699998,max_model_only_throughput,1.1763992154006864
97,7,0,-1,-1,0.0,0.0,0.0,844.335139998293,0.0,0.0,844.335139998293,22.36069414999838,max_model_only_throughput,1.184363829748957
98,8,2,-1,-1,0.0,0.0,0.0,871.1978740011546,0.0,0.0,871.1978740011546,22.68835368799955,max_model_only_throughput,1.1478448580312706
99,0,3,-1,-1,0.0,0.0,0.0,915.3538179998577,0.0,0.0,915.3538179998577,22.791007840998645,max_model_only_throughput,1.0924737301965954
100,1,1,-1,-1,0.0,0.0,0.0,833.7435370012827,0.0,0.0,833.7435370012827,23.15019236599983,max_model_only_throughput,1.1994095973405567
101,2,0,-1,-1,0.0,0.0,0.0,809.3852530000731,0.0,0.0,809.3852530000731,23.17010970099909,max_model_only_throughput,1.235505584384436
102,3,2,-1,-1,0.0,0.0,0.0,870.3491550004401,0.0,0.0,870.3491550004401,23.558725535998747,max_model_only_throughput,1.1489641763362135
103,4,3,-1,-1,0.0,0.0,0.0,922.4785000005795,0.0,0.0,922.4785000005795,23.713513792999947,max_model_only_throughput,1.084036104905829
104,5,1,-1,-1,0.0,0.0,0.0,831.5298899997288,0.0,0.0,831.5298899997288,23.98175625099975,max_model_only_throughput,1.202602590750317
105,6,0,-1,-1,0.0,0.0,0.0,863.1765890004317,0.0,0.0,863.1765890004317,24.03331844099921,max_model_only_throughput,1.1585114943374581
106,7,2,-1,-1,0.0,0.0,0.0,831.7315250005777,0.0,0.0,831.7315250005777,24.390494401999604,max_model_only_throughput,1.2023110462228848
107,8,3,-1,-1,0.0,0.0,0.0,868.5165890001372,0.0,0.0,868.5165890001372,24.582058194999263,max_model_only_throughput,1.1513884854533758
108,0,1,-1,-1,0.0,0.0,0.0,824.1948329996376,0.0,0.0,824.1948329996376,24.80600484599927,max_model_only_throughput,1.2133053496107513
109,1,0,-1,-1,0.0,0.0,0.0,796.6660399997636,0.0,0.0,796.6660399997636,24.83003536799879,max_model_only_throughput,1.2552311129018336
110,2,2,-1,-1,0.0,0.0,0.0,886.0358339989034,0.0,0.0,886.0358339989034,25.276553189998594,max_model_only_throughput,1.1286225247648818
111,3,3,-1,-1,0.0,0.0,0.0,951.4541779990395,0.0,0.0,951.4541779990395,25.53354776999913,max_model_only_throughput,1.0510227640211272
112,4,1,-1,-1,0.0,0.0,0.0,829.460213000857,0.0,0.0,829.460213000857,25.63550074699924,max_model_only_throughput,1.2056033361529865
113,5,0,-1,-1,0.0,0.0,0.0,830.037853000249,0.0,0.0,830.037853000249,25.660109038999508,max_model_only_throughput,1.2047643325968893
114,6,2,-1,-1,0.0,0.0,0.0,870.1149349999469,0.0,0.0,870.1149349999469,26.146696638999856,max_model_only_throughput,1.1492734577645896
115,7,3,-1,-1,0.0,0.0,0.0,916.425822999372,0.0,0.0,916.425822999372,26.45000025399895,max_model_only_throughput,1.0911957901045366
116,8,1,-1,-1,0.0,0.0,0.0,823.9866589992744,0.0,0.0,823.9866589992744,26.459533523999198,max_model_only_throughput,1.2136118820351929
117,0,0,-1,-1,0.0,0.0,0.0,901.7013369993947,0.0,0.0,901.7013369993947,26.56184194599882,max_model_only_throughput,1.109014658143588
118,1,2,-1,-1,0.0,0.0,0.0,811.5093899996282,0.0,0.0,811.5093899996282,26.958229894999022,max_model_only_throughput,1.232271631509351
119,2,3,-1,-1,0.0,0.0,0.0,941.2712760004069,0.0,0.0,941.2712760004069,27.39130141699934,max_model_only_throughput,1.0623929843574316
120,3,1,-1,-1,0.0,0.0,0.0,856.0812449995865,0.0,0.0,856.0812449995865,27.31565899299858,max_model_only_throughput,1.1681134306364613
121,4,0,-1,-1,0.0,0.0,0.0,921.4284509998834,0.0,0.0,921.4284509998834,27.483310132998668,max_model_only_throughput,1.0852714596720507
122,5,2,-1,-1,0.0,0.0,0.0,849.2529779996403,0.0,0.0,849.2529779996403,27.807504793998305,max_model_only_throughput,1.177505438197502
123,6,1,-1,-1,0.0,0.0,0.0,849.1176150000683,0.0,0.0,849.1176150000683,28.164810652999222,max_model_only_throughput,1.1776931514957671
124,7,3,-1,-1,0.0,0.0,0.0,923.4855989998323,0.0,0.0,923.4855989998323,28.314815289999387,max_model_only_throughput,1.082853918981558
125,8,0,-1,-1,0.0,0.0,0.0,800.9761859993887,0.0,0.0,800.9761859993887,28.284326364999288,max_model_only_throughput,1.2484765683168053
126,0,2,-1,-1,0.0,0.0,0.0,817.7034849995835,0.0,0.0,817.7034849995835,28.6252389379988,max_model_only_throughput,1.2229371873112531
127,1,1,-1,-1,0.0,0.0,0.0,831.7551190011727,0.0,0.0,831.7551190011727,28.99658447799993,max_model_only_throughput,1.2022769408391103
128,2,0,-1,-1,0.0,0.0,0.0,875.1334879998467,0.0,0.0,875.1334879998467,29.15949884699876,max_model_only_throughput,1.142682817778509
129,3,3,-1,-1,0.0,0.0,0.0,943.0687200001557,0.0,0.0,943.0687200001557,29.25792722299957,max_model_only_throughput,1.0603681140011036
130,4,2,-1,-1,0.0,0.0,0.0,784.6110480004427,0.0,0.0,784.6110480004427,29.409872247999374,max_model_only_throughput,1.2745168482504414
131,5,1,-1,-1,0.0,0.0,0.0,792.239669999617,0.0,0.0,792.239669999617,29.78884467699936,max_model_only_throughput,1.2622442902922084
132,6,0,-1,-1,0.0,0.0,0.0,844.9019039999257,0.0,0.0,844.9019039999257,30.004449282998394,max_model_only_throughput,1.1835693531590006
133,7,3,-1,-1,0.0,0.0,0.0,855.4218749995925,0.0,0.0,855.4218749995925,30.113375968998298,max_model_only_throughput,1.1690138272422321
134,8,2,-1,-1,0.0,0.0,0.0,921.540372999516,0.0,0.0,921.540372999516,30.331442376998893,max_model_only_throughput,1.0851396523682477
135,0,1,-1,-1,0.0,0.0,0.0,768.7158529988665,0.0,0.0,768.7158529988665,30.557587710998632,max_model_only_throughput,1.3008707913318844
136,1,0,-1,-1,0.0,0.0,0.0,791.5470749994711,0.0,0.0,791.5470749994711,30.796057193998422,max_model_only_throughput,1.2633487401879013
137,2,3,-1,-1,0.0,0.0,0.0,885.4920070007211,0.0,0.0,885.4920070007211,30.998892662999424,max_model_only_throughput,1.1293156709422287
138,3,2,-1,-1,0.0,0.0,0.0,877.6413609994052,0.0,0.0,877.6413609994052,31.209119466999255,max_model_only_throughput,1.1394175849475237
139,4,1,-1,-1,0.0,0.0,0.0,799.668452998958,0.0,0.0,799.668452998958,31.35730035799861,max_model_only_throughput,1.2505182569723094
140,5,0,-1,-1,0.0,0.0,0.0,777.7985869997792,0.0,0.0,777.7985869997792,31.57387944599941,max_model_only_throughput,1.285679887716592
141,6,3,-1,-1,0.0,0.0,0.0,861.6229009985545,0.0,0.0,861.6229009985545,31.860542384998553,max_model_only_throughput,1.1606005351541575
142,7,2,-1,-1,0.0,0.0,0.0,844.231906999994,0.0,0.0,844.231906999994,32.05340618899936,max_model_only_throughput,1.1845086542079808
143,8,1,-1,-1,0.0,0.0,0.0,807.279564000055,0.0,0.0,807.279564000055,32.16460549099975,max_model_only_throughput,1.2387282480495592
144,0,0,-1,-1,0.0,0.0,0.0,795.0097800003277,0.0,0.0,795.0097800003277,32.3689155459997,max_model_only_throughput,1.2578461613385281
145,1,3,-1,-1,0.0,0.0,0.0,875.8663609987707,0.0,0.0,875.8663609987707,32.73643014699883,max_model_only_throughput,1.1417266886008464
146,2,2,-1,-1,0.0,0.0,0.0,837.7880719999666,0.0,0.0,837.7880719999666,32.89121987999897,max_model_only_throughput,1.1936192856181411
147,3,1,-1,-1,0.0,0.0,0.0,842.9683249996742,0.0,0.0,842.9683249996742,33.0075944149994,max_model_only_throughput,1.1862841940121374
148,4,0,-1,-1,0.0,0.0,0.0,759.3665629992756,0.0,0.0,759.3665629992756,33.12830486199891,max_model_only_throughput,1.3168870591961446
149,5,3,-1,-1,0.0,0.0,0.0,955.211350999889,0.0,0.0,955.211350999889,33.6916652839991,max_model_only_throughput,1.0468887319578306
150,6,2,-1,-1,0.0,0.0,0.0,922.6133489992208,0.0,0.0,922.6133489992208,33.81387406699832,max_model_only_throughput,1.0838776623866566
151,7,1,-1,-1,0.0,0.0,0.0,853.9914510001836,0.0,0.0,853.9914510001836,33.861620060999485,max_model_only_throughput,1.1709719094129258
152,8,0,-1,-1,0.0,0.0,0.0,817.3107120001077,0.0,0.0,817.3107120001077,33.945654076998835,max_model_only_throughput,1.2235248912287207
153,0,3,-1,-1,0.0,0.0,0.0,960.8114179991389,0.0,0.0,960.8114179991389,34.65249843299898,max_model_only_throughput,1.0407869653365174
154,1,2,-1,-1,0.0,0.0,0.0,942.8401999994094,0.0,0.0,942.8401999994094,34.756751567998435,max_model_only_throughput,1.0606251197187249
155,2,1,-1,-1,0.0,0.0,0.0,881.995949001066,0.0,0.0,881.995949001066,34.743663680999816,max_model_only_throughput,1.1337920555446808
156,3,0,-1,-1,0.0,0.0,0.0,867.2542759995849,0.0,0.0,867.2542759995849,34.81295249699906,max_model_only_throughput,1.1530643637904399
157,4,3,-1,-1,0.0,0.0,0.0,1018.5228000009374,0.0,0.0,1018.5228000009374,35.67107637799927,max_model_only_throughput,0.9818140546280159
158,5,1,-1,-1,0.0,0.0,0.0,889.6096429998579,0.0,0.0,889.6096429998579,35.633300996998514,max_model_only_throughput,1.1240885346385119
159,6,2,-1,-1,0.0,0.0,0.0,935.4604389991437,0.0,0.0,935.4604389991437,35.692288351998286,max_model_only_throughput,1.0689922933244593
160,7,0,-1,-1,0.0,0.0,0.0,927.094455999395,0.0,0.0,927.094455999395,35.74008559699905,max_model_only_throughput,1.0786387444438053
161,8,1,-1,-1,0.0,0.0,0.0,844.9226880002243,0.0,0.0,844.9226880002243,36.47824118799872,max_model_only_throughput,1.1835402388907499
162,0,3,-1,-1,0.0,0.0,0.0,1063.7320589994488,0.0,0.0,1063.7320589994488,36.734837772999526,max_model_only_throughput,0.940086360601564
163,1,2,-1,-1,0.0,0.0,0.0,1031.9802560006792,0.0,0.0,1031.9802560006792,36.72433284999897,max_model_only_throughput,0.9690107869654261
164,2,0,-1,-1,0.0,0.0,0.0,860.0972360000014,0.0,0.0,860.0972360000014,36.60023287799959,max_model_only_throughput,1.1626592414720867
165,3,1,-1,-1,0.0,0.0,0.0,825.4490550007176,0.0,0.0,825.4490550007176,37.30371594200005,max_model_only_throughput,1.2114618024477968
166,4,0,-1,-1,0.0,0.0,0.0,843.9254400000209,0.0,0.0,843.9254400000209,37.4441969519994,max_model_only_throughput,1.1849388021766178
167,5,2,-1,-1,0.0,0.0,0.0,1008.1956009998976,0.0,0.0,1008.1956009998976,37.73256860699985,max_model_only_throughput,0.9918710208695918
168,6,3,-1,-1,0.0,0.0,0.0,988.7968530001672,0.0,0.0,988.7968530001672,37.7236657759986,max_model_only_throughput,1.011330079546512
169,7,1,-1,-1,0.0,0.0,0.0,807.3225179996371,0.0,0.0,807.3225179996371,38.11107838599855,max_model_only_throughput,1.238662340891685
170,8,0,-1,-1,0.0,0.0,0.0,813.5319170014554,0.0,0.0,813.5319170014554,38.25775223399978,max_model_only_throughput,1.2292080729737502
171,0,3,-1,-1,0.0,0.0,0.0,955.2888430007442,0.0,0.0,955.2888430007442,38.67897445699964,max_model_only_throughput,1.0468038094727554
172,1,2,-1,-1,0.0,0.0,0.0,872.7493219994358,0.0,0.0,872.7493219994358,38.60537485699933,max_model_only_throughput,1.1458043848250008
173,2,1,-1,-1,0.0,0.0,0.0,828.0871240003762,0.0,0.0,828.0871240003762,38.93918411499908,max_model_only_throughput,1.2076024019901868
174,3,0,-1,-1,0.0,0.0,0.0,830.6967149983393,0.0,0.0,830.6967149983393,39.08846806599831,max_model_only_throughput,1.2038087811650962
175,4,2,-1,-1,0.0,0.0,0.0,892.257690000406,0.0,0.0,892.257690000406,39.497657584999615,max_model_only_throughput,1.120752458854734
176,5,3,-1,-1,0.0,0.0,0.0,912.3800320012379,0.0,0.0,912.3800320012379,39.59137882499999,max_model_only_throughput,1.0960345085661007
177,6,1,-1,-1,0.0,0.0,0.0,837.8994909999165,0.0,0.0,837.8994909999165,39.77710425499936,max_model_only_throughput,1.1934605650692534
178,7,0,-1,-1,0.0,0.0,0.0,819.7821480007406,0.0,0.0,819.7821480007406,39.90827182499925,max_model_only_throughput,1.2198362728912422
179,8,2,-1,-1,0.0,0.0,0.0,907.8522110012273,0.0,0.0,907.8522110012273,40.405549952,max_model_only_throughput,1.101500869725423
180,0,3,-1,-1,0.0,0.0,0.0,945.9443000014289,0.0,0.0,945.9443000014289,40.53737769899999,max_model_only_throughput,1.0571446965730322
181,1,1,-1,-1,0.0,0.0,0.0,810.0098890008667,0.0,0.0,810.0098890008667,40.58717938799964,max_model_only_throughput,1.2345528290197578
182,2,0,-1,-1,0.0,0.0,0.0,833.6564040000667,0.0,0.0,833.6564040000667,40.741954297998745,max_model_only_throughput,1.1995349585294135
183,3,2,-1,-1,0.0,0.0,0.0,937.8589749994717,0.0,0.0,937.8589749994717,41.34343869299846,max_model_only_throughput,1.0662583892216453
184,4,3,-1,-1,0.0,0.0,0.0,980.078880000292,0.0,0.0,980.078880000292,41.51749424099944,max_model_only_throughput,1.0203260374304792
185,5,1,-1,-1,0.0,0.0,0.0,879.7062390003703,0.0,0.0,879.7062390003703,41.46693785599928,max_model_only_throughput,1.1367431031708064
186,6,0,-1,-1,0.0,0.0,0.0,841.673429000366,0.0,0.0,841.673429000366,41.58366589999969,max_model_only_throughput,1.1881092660697088
187,7,2,-1,-1,0.0,0.0,0.0,903.0945859994972,0.0,0.0,903.0945859994972,42.24655982999866,max_model_only_throughput,1.1073037259915062
188,8,1,-1,-1,0.0,0.0,0.0,906.0064339992095,0.0,0.0,906.0064339992095,42.37300725999921,max_model_only_throughput,1.1037449210883556
189,0,3,-1,-1,0.0,0.0,0.0,1015.8312170005956,0.0,0.0,1015.8312170005956,42.533371445999364,max_model_only_throughput,0.9844155045290498
190,1,0,-1,-1,0.0,0.0,0.0,860.1747049997357,0.0,0.0,860.1747049997357,42.44386627399945,max_model_only_throughput,1.1625545301292106
191,2,2,-1,-1,0.0,0.0,0.0,888.3521200004907,0.0,0.0,888.3521200004907,43.13500386499982,max_model_only_throughput,1.1256797586068097
192,3,1,-1,-1,0.0,0.0,0.0,855.7154860009177,0.0,0.0,855.7154860009177,43.228764966999734,max_model_only_throughput,1.1686127180815418
193,4,0,-1,-1,0.0,0.0,0.0,831.7762240003503,0.0,0.0,831.7762240003503,43.27569124099864,max_model_only_throughput,1.202246434973331
194,5,3,-1,-1,0.0,0.0,0.0,903.2969780000712,0.0,0.0,903.2969780000712,43.43672291799885,max_model_only_throughput,1.1070556244016585
195,6,2,-1,-1,0.0,0.0,0.0,914.4138779993227,0.0,0.0,914.4138779993227,44.04944899199836,max_model_only_throughput,1.0935967006405611
196,7,1,-1,-1,0.0,0.0,0.0,832.850086999315,0.0,0.0,832.850086999315,44.06164740599888,max_model_only_throughput,1.2006962784898196
197,8,0,-1,-1,0.0,0.0,0.0,848.5737829996651,0.0,0.0,848.5737829996651,44.1242994489985,max_model_only_throughput,1.1784479087546764
198,0,3,-1,-1,0.0,0.0,0.0,860.2237819995935,0.0,0.0,860.2237819995935,44.29737182899953,max_model_only_throughput,1.1624882047267935
199,1,2,-1,-1,0.0,0.0,0.0,979.0589760013972,0.0,0.0,979.0589760013972,45.028565116999744,max_model_only_throughput,1.02138893009707
200,2,1,-1,-1,0.0,0.0,0.0,865.6997489997593,0.0,0.0,865.6997489997593,44.92739084799905,max_model_only_throughput,1.1551349080964999
201,3,0,-1,-1,0.0,0.0,0.0,853.2818029998452,0.0,0.0,853.2818029998452,44.9776286719989,max_model_only_throughput,1.1719457704176324
202,4,3,-1,-1,0.0,0.0,0.0,903.4420779989887,0.0,0.0,903.4420779989887,45.20084306199897,max_model_only_throughput,1.1068778224442182
203,5,1,-1,-1,0.0,0.0,0.0,828.0052480004088,0.0,0.0,828.0052480004088,45.75544954799989,max_model_only_throughput,1.2077218138592116
204,6,0,-1,-1,0.0,0.0,0.0,892.7554660003807,0.0,0.0,892.7554660003807,45.87041217099977,max_model_only_throughput,1.1201275579751797
205,7,2,-1,-1,0.0,0.0,0.0,1020.92666200042,0.0,0.0,1020.92666200042,46.04952606400002,max_model_only_throughput,0.97950228671723
206,8,3,-1,-1,0.0,0.0,0.0,882.6962019993516,0.0,0.0,882.6962019993516,46.08356237799853,max_model_only_throughput,1.1328926053323323
207,0,1,-1,-1,0.0,0.0,0.0,809.7658269998647,0.0,0.0,809.7658269998647,46.56523774699963,max_model_only_throughput,1.2349249210786555
208,1,0,-1,-1,0.0,0.0,0.0,861.3561929996649,0.0,0.0,861.3561929996649,46.7318036609995,max_model_only_throughput,1.1609599003607431
209,2,2,-1,-1,0.0,0.0,0.0,998.0786979995173,0.0,0.0,998.0786979995173,47.04762934899918,max_model_only_throughput,1.0019250005078093
210,3,3,-1,-1,0.0,0.0,0.0,953.2814399990457,0.0,0.0,953.2814399990457,47.03686427699904,max_model_only_throughput,1.0490081502069326
211,4,1,-1,-1,0.0,0.0,0.0,803.1070520009962,0.0,0.0,803.1070520009962,47.36838099799934,max_model_only_throughput,1.2451640133260335
212,5,0,-1,-1,0.0,0.0,0.0,824.3215540005622,0.0,0.0,824.3215540005622,47.55614989199967,max_model_only_throughput,1.2131188310518422
213,6,3,-1,-1,0.0,0.0,0.0,881.594436999876,0.0,0.0,881.594436999876,47.91848362099881,max_model_only_throughput,1.1343084280375746
214,7,2,-1,-1,0.0,0.0,0.0,939.3069449997711,0.0,0.0,939.3069449997711,47.986972752998554,max_model_only_throughput,1.0646147197391835
215,8,1,-1,-1,0.0,0.0,0.0,793.4096330009197,0.0,0.0,793.4096330009197,48.16180996799994,max_model_only_throughput,1.2603829830218873
216,0,0,-1,-1,0.0,0.0,0.0,803.6963309987186,0.0,0.0,803.6963309987186,48.35986553999828,max_model_only_throughput,1.2442510453635434
217,1,3,-1,-1,0.0,0.0,0.0,941.1024100008945,0.0,0.0,941.1024100008945,48.859624303999226,max_model_only_throughput,1.0625836140394642
218,2,2,-1,-1,0.0,0.0,0.0,959.2333129985491,0.0,0.0,959.2333129985491,48.94623496099848,max_model_only_throughput,1.0424992402255244
219,3,1,-1,-1,0.0,0.0,0.0,814.4646199998533,0.0,0.0,814.4646199998533,48.97633115499957,max_model_only_throughput,1.227800416917042
220,4,0,-1,-1,0.0,0.0,0.0,755.7723749996512,0.0,0.0,755.7723749996512,49.115661419999014,max_model_only_throughput,1.3231497115787825
221,5,3,-1,-1,0.0,0.0,0.0,986.286014000143,0.0,0.0,986.286014000143,49.84594689699952,max_model_only_throughput,1.0139046745114395
222,6,2,-1,-1,0.0,0.0,0.0,1011.5324140006123,0.0,0.0,1011.5324140006123,49.957801219999965,max_model_only_throughput,0.9885990662869599
223,7,1,-1,-1,0.0,0.0,0.0,855.6456489986886,0.0,0.0,855.6456489986886,49.832022510998286,max_model_only_throughput,1.1687080991649297
224,8,0,-1,-1,0.0,0.0,0.0,859.8468599993794,0.0,0.0,859.8468599993794,49.975539929999286,max_model_only_throughput,1.1629977924216899
225,0,1,-1,-1,0.0,0.0,0.0,867.3666909999156,0.0,0.0,867.3666909999156,50.699421813998924,max_model_only_throughput,1.1529149209628773
226,1,3,-1,-1,0.0,0.0,0.0,977.6439030010806,0.0,0.0,977.6439030010806,50.82364022399997,max_model_only_throughput,1.0228673210463368
227,2,2,-1,-1,0.0,0.0,0.0,1026.7934869989404,0.0,0.0,1026.7934869989404,50.98463015499874,max_model_only_throughput,0.9739056710641485
228,3,0,-1,-1,0.0,0.0,0.0,881.2752459998592,0.0,0.0,881.2752459998592,50.85685433099934,max_model_only_throughput,1.134719265676685
229,4,1,-1,-1,0.0,0.0,0.0,807.5631930005329,0.0,0.0,807.5631930005329,51.507009302998995,max_model_only_throughput,1.238293187043927
230,5,3,-1,-1,0.0,0.0,0.0,976.2479210003221,0.0,0.0,976.2479210003221,51.799935404998905,max_model_only_throughput,1.0243299662808398
231,6,0,-1,-1,0.0,0.0,0.0,813.4388350008521,0.0,0.0,813.4388350008521,51.670336357999986,max_model_only_throughput,1.2293487315477782
232,7,2,-1,-1,0.0,0.0,0.0,954.4054590005544,0.0,0.0,954.4054590005544,51.939099455999894,max_model_only_throughput,1.047772716060522
233,8,1,-1,-1,0.0,0.0,0.0,824.0896620009153,0.0,0.0,824.0896620009153,52.33113340099953,max_model_only_throughput,1.213460192634827
234,0,0,-1,-1,0.0,0.0,0.0,816.0694870002771,0.0,0.0,816.0694870002771,52.48643128299955,max_model_only_throughput,1.2253858475652826
235,1,3,-1,-1,0.0,0.0,0.0,914.6801169990795,0.0,0.0,914.6801169990795,52.71464748299877,max_model_only_throughput,1.093278383792622
236,2,2,-1,-1,0.0,0.0,0.0,930.9070350009279,0.0,0.0,930.9070350009279,52.870039052999346,max_model_only_throughput,1.074221122412082
237,3,1,-1,-1,0.0,0.0,0.0,835.1164649993734,0.0,0.0,835.1164649993734,53.166277017999164,max_model_only_throughput,1.1974377729467354
238,4,0,-1,-1,0.0,0.0,0.0,827.1992299996782,0.0,0.0,827.1992299996782,53.31365212399942,max_model_only_throughput,1.2088986107982584
239,5,3,-1,-1,0.0,0.0,0.0,885.5755369986582,0.0,0.0,885.5755369986582,53.60026353699868,max_model_only_throughput,1.129209150683117
240,6,2,-1,-1,0.0,0.0,0.0,885.7678919994214,0.0,0.0,885.7678919994214,53.75588819999939,max_model_only_throughput,1.1289639295264196
241,7,1,-1,-1,0.0,0.0,0.0,793.3490550003626,0.0,0.0,793.3490550003626,53.95964606099915,max_model_only_throughput,1.2604792224773533
242,8,0,-1,-1,0.0,0.0,0.0,815.4347969993978,0.0,0.0,815.4347969993978,54.12911047599846,max_model_only_throughput,1.2263396211196251
243,0,3,-1,-1,0.0,0.0,0.0,925.1615930006665,0.0,0.0,925.1615930006665,54.525446039999224,max_model_only_throughput,1.0808922544618424
244,1,2,-1,-1,0.0,0.0,0.0,843.9977030011505,0.0,0.0,843.9977030011505,54.59991932699995,max_model_only_throughput,1.1848373478317828
245,2,1,-1,-1,0.0,0.0,0.0,826.0254610013362,0.0,0.0,826.0254610013362,54.785695186999874,max_model_only_throughput,1.2106164364325598
246,3,0,-1,-1,0.0,0.0,0.0,823.2591929991031,0.0,0.0,823.2591929991031,54.95238728199911,max_model_only_throughput,1.2146842798767137
247,4,3,-1,-1,0.0,0.0,0.0,903.7280860011379,0.0,0.0,903.7280860011379,55.429200305999984,max_model_only_throughput,1.1065275224817357
248,5,2,-1,-1,0.0,0.0,0.0,954.4419310004741,0.0,0.0,954.4419310004741,55.55440156399891,max_model_only_throughput,1.0477326776200733
249,6,1,-1,-1,0.0,0.0,0.0,770.2586929990503,0.0,0.0,770.2586929990503,55.555997772999035,max_model_only_throughput,1.2982651271437622
250,7,0,-1,-1,0.0,0.0,0.0,843.6369569990347,0.0,0.0,843.6369569990347,55.796050538998315,max_model_only_throughput,1.1853439938871053
251,8,3,-1,-1,0.0,0.0,0.0,998.6763050001173,0.0,0.0,998.6763050001173,56.42792098499922,max_model_only_throughput,1.0013254494907462
252,0,2,-1,-1,0.0,0.0,0.0,1023.688064999078,0.0,0.0,1023.688064999078,56.57811210199907,max_model_only_throughput,0.9768600750472759
253,1,1,-1,-1,0.0,0.0,0.0,810.4645410003286,0.0,0.0,810.4645410003286,56.366479205998985,max_model_only_throughput,1.2338602732276656
254,2,0,-1,-1,0.0,0.0,0.0,823.8029809999716,0.0,0.0,823.8029809999716,56.61988841699895,max_model_only_throughput,1.213882473192986
255,3,1,-1,-1,0.0,0.0,0.0,850.5308790008712,0.0,0.0,850.5308790008712,57.217032477999965,max_model_only_throughput,1.1757362662419875
256,4,3,-1,-1,0.0,0.0,0.0,968.2731169996259,0.0,0.0,968.2731169996259,57.396242192999125,max_model_only_throughput,1.0327664606642035
257,5,2,-1,-1,0.0,0.0,0.0,863.5622660003719,0.0,0.0,863.5622660003719,57.441722579998896,max_model_only_throughput,1.1579940895652443
258,6,0,-1,-1,0.0,0.0,0.0,854.1145799990773,0.0,0.0,854.1145799990773,57.474034716999086,max_model_only_throughput,1.170803102320394
259,7,1,-1,-1,0.0,0.0,0.0,836.546881000686,0.0,0.0,836.546881000686,58.05360768299943,max_model_only_throughput,1.1953902676724941
260,8,3,-1,-1,0.0,0.0,0.0,1099.0665650006122,0.0,0.0,1099.0665650006122,58.49533083999995,max_model_only_throughput,0.90986299815193
261,0,2,-1,-1,0.0,0.0,0.0,906.7666979990463,0.0,0.0,906.7666979990463,58.348515317999045,max_model_only_throughput,1.102819503855502
262,1,0,-1,-1,0.0,0.0,0.0,851.3078659998428,0.0,0.0,851.3078659998428,58.32538642599866,max_model_only_throughput,1.1746631740862885
263,2,1,-1,-1,0.0,0.0,0.0,786.7020779995073,0.0,0.0,786.7020779995073,58.84032982899953,max_model_only_throughput,1.2711292215509138
264,3,0,-1,-1,0.0,0.0,0.0,808.3657209990633,0.0,0.0,808.3657209990633,59.133776061999015,max_model_only_throughput,1.2370638363587398
265,4,2,-1,-1,0.0,0.0,0.0,903.8237819986534,0.0,0.0,903.8237819986534,59.25236531999872,max_model_only_throughput,1.1064103644060672
266,5,3,-1,-1,0.0,0.0,0.0,944.143750000876,0.0,0.0,944.143750000876,59.43951915499929,max_model_only_throughput,1.0591607475017148
267,6,1,-1,-1,0.0,0.0,0.0,781.2134419982613,0.0,0.0,781.2134419982613,59.62156342899834,max_model_only_throughput,1.2800598994329973
268,7,0,-1,-1,0.0,0.0,0.0,839.6732390010584,0.0,0.0,839.6732390010584,59.97346834699965,max_model_only_throughput,1.1909394673452722
269,8,2,-1,-1,0.0,0.0,0.0,822.6697730005981,0.0,0.0,822.6697730005981,60.07507658199938,max_model_only_throughput,1.215554567360132
270,0,3,-1,-1,0.0,0.0,0.0,908.0108779999136,0.0,0.0,908.0108779999136,60.347573826998996,max_model_only_throughput,1.1013083920345887
271,1,1,-1,-1,0.0,0.0,0.0,799.451824001153,0.0,0.0,799.451824001153,60.421035921999646,max_model_only_throughput,1.2508571123086933
272,2,0,-1,-1,0.0,0.0,0.0,839.1619610010821,0.0,0.0,839.1619610010821,60.81265773999985,max_model_only_throughput,1.1916650735777459
273,3,2,-1,-1,0.0,0.0,0.0,846.9161149987485,0.0,0.0,846.9161149987485,60.922060465998584,max_model_only_throughput,1.1807544835789052
274,4,3,-1,-1,0.0,0.0,0.0,984.9414479995175,0.0,0.0,984.9414479995175,61.33253466199858,max_model_only_throughput,1.0152887788721527
275,5,1,-1,-1,0.0,0.0,0.0,805.5890630002978,0.0,0.0,805.5890630002978,61.22665375999895,max_model_only_throughput,1.2413276767631967
276,6,0,-1,-1,0.0,0.0,0.0,836.6671980002138,0.0,0.0,836.6671980002138,61.649345717998585,max_model_only_throughput,1.1952183644705818
277,7,2,-1,-1,0.0,0.0,0.0,741.0357959997782,0.0,0.0,741.0357959997782,61.663123102998725,max_model_only_throughput,1.3494624758994764
278,8,1,-1,-1,0.0,0.0,0.0,781.6512180015707,0.0,0.0,781.6512180015707,62.00833195999985,max_model_only_throughput,1.2793429818438415
279,0,3,-1,-1,0.0,0.0,0.0,917.6987379996717,0.0,0.0,917.6987379996717,62.25026325699946,max_model_only_throughput,1.089682222054399
280,1,0,-1,-1,0.0,0.0,0.0,835.597051998775,0.0,0.0,835.597051998775,62.48496315899865,max_model_only_throughput,1.196749076134206
281,2,2,-1,-1,0.0,0.0,0.0,785.7026580004458,0.0,0.0,785.7026580004458,62.44885631899888,max_model_only_throughput,1.2727461079804985
282,3,1,-1,-1,0.0,0.0,0.0,775.8736239993596,0.0,0.0,775.8736239993596,62.78422386799866,max_model_only_throughput,1.2888696935531159
283,4,3,-1,-1,0.0,0.0,0.0,956.2748009993811,0.0,0.0,956.2748009993811,63.206568284998866,max_model_only_throughput,1.0457245124047216
284,5,2,-1,-1,0.0,0.0,0.0,824.792138999328,0.0,0.0,824.792138999328,63.273677603998294,max_model_only_throughput,1.2124266863324393
285,6,0,-1,-1,0.0,0.0,0.0,891.9665499997791,0.0,0.0,891.9665499997791,63.37698203799846,max_model_only_throughput,1.121118275119451
286,7,1,-1,-1,0.0,0.0,0.0,792.9520750003576,0.0,0.0,792.9520750003576,63.57719476899911,max_model_only_throughput,1.2611102631890445
287,8,3,-1,-1,0.0,0.0,0.0,962.0245360001718,0.0,0.0,962.0245360001718,64.1686184199989,max_model_only_throughput,1.0394745274977284
288,0,2,-1,-1,0.0,0.0,0.0,862.5019330011128,0.0,0.0,862.5019330011128,64.13627679199999,max_model_only_throughput,1.1594176914136956
289,1,0,-1,-1,0.0,0.0,0.0,872.3361040010786,0.0,0.0,872.3361040010786,64.24935615399954,max_model_only_throughput,1.1463471423610405
290,2,1,-1,-1,0.0,0.0,0.0,826.9476310015307,0.0,0.0,826.9476310015307,64.40417995200005,max_model_only_throughput,1.2092664184658013
291,3,2,-1,-1,0.0,0.0,0.0,903.595680001672,0.0,0.0,903.595680001672,65.03989808000006,max_model_only_throughput,1.1066896645612
292,4,3,-1,-1,0.0,0.0,0.0,968.0016620004608,0.0,0.0,968.0016620004608,65.13665787399987,max_model_only_throughput,1.0330560775416562
293,5,0,-1,-1,0.0,0.0,0.0,941.3910290004424,0.0,0.0,941.3910290004424,65.19077868299973,max_model_only_throughput,1.062257838872533
294,6,1,-1,-1,0.0,0.0,0.0,774.1400489994703,0.0,0.0,774.1400489994703,65.17837454399887,max_model_only_throughput,1.2917559313620839
295,7,2,-1,-1,0.0,0.0,0.0,863.941175999571,0.0,0.0,863.941175999571,65.90386608699919,max_model_only_throughput,1.1574862129276455
296,8,3,-1,-1,0.0,0.0,0.0,988.8384400001087,0.0,0.0,988.8384400001087,66.12554960499983,max_model_only_throughput,1.0112875466288407
297,0,1,-1,-1,0.0,0.0,0.0,945.424137998998,0.0,0.0,945.424137998998,66.1238258839985,max_model_only_throughput,1.057726326002753
298,1,0,-1,-1,0.0,0.0,0.0,935.3862740008481,0.0,0.0,935.3862740008481,66.12619950199951,max_model_only_throughput,1.0690770516898704
299,2,2,-1,-1,0.0,0.0,0.0,861.0198389997095,0.0,0.0,861.0198389997095,66.76491673399869,max_model_only_throughput,1.161413424761212
300,3,1,-1,-1,0.0,0.0,0.0,857.7245129999937,0.0,0.0,857.7245129999937,66.98156678799933,max_model_only_throughput,1.1658755052975935
301,4,3,-1,-1,0.0,0.0,0.0,927.1590500011371,0.0,0.0,927.1590500011371,67.05273404299987,max_model_only_throughput,1.0785635970427874
302,5,0,-1,-1,0.0,0.0,0.0,927.1607519985992,0.0,0.0,927.1607519985992,67.05337078399862,max_model_only_throughput,1.0785616171137395
303,6,2,-1,-1,0.0,0.0,0.0,802.2706659994583,0.0,0.0,802.2706659994583,67.5672124879984,max_model_only_throughput,1.2464621260384898
304,7,1,-1,-1,0.0,0.0,0.0,839.3664099985472,0.0,0.0,839.3664099985472,67.82098577799843,max_model_only_throughput,1.1913748132972475
305,8,3,-1,-1,0.0,0.0,0.0,934.1589760006173,0.0,0.0,934.1589760006173,67.98692776499956,max_model_only_throughput,1.0704816050489239
306,0,0,-1,-1,0.0,0.0,0.0,900.7329420001042,0.0,0.0,900.7329420001042,67.95411060999868,max_model_only_throughput,1.1102069807499995
307,1,2,-1,-1,0.0,0.0,0.0,773.9076460002252,0.0,0.0,773.9076460002252,68.34116354599973,max_model_only_throughput,1.292143843219904
308,2,1,-1,-1,0.0,0.0,0.0,815.7567650014244,0.0,0.0,815.7567650014244,68.63676194999971,max_model_only_throughput,1.2258556016979572
309,3,0,-1,-1,0.0,0.0,0.0,811.055469999701,0.0,0.0,811.055469999701,68.76521089499875,max_model_only_throughput,1.23296129178485
310,4,3,-1,-1,0.0,0.0,0.0,968.7655489997269,0.0,0.0,968.7655489997269,68.95574262699847,max_model_only_throughput,1.0322414964410362
311,5,2,-1,-1,0.0,0.0,0.0,774.7513059985067,0.0,0.0,774.7513059985067,69.11595009999837,max_model_only_throughput,1.290736772248729
312,6,1,-1,-1,0.0,0.0,0.0,831.0665729986795,0.0,0.0,831.0665729986795,69.46785386099873,max_model_only_throughput,1.2032730379129193
313,7,0,-1,-1,0.0,0.0,0.0,833.5518410003715,0.0,0.0,833.5518410003715,69.5987974719992,max_model_only_throughput,1.1996854314422352
314,8,3,-1,-1,0.0,0.0,0.0,932.0331870003429,0.0,0.0,932.0331870003429,69.88781540899981,max_model_only_throughput,1.0729231683459701
315,0,2,-1,-1,0.0,0.0,0.0,827.8672500000539,0.0,0.0,827.8672500000539,69.94385174599847,max_model_only_throughput,1.2079231301877624
316,1,1,-1,-1,0.0,0.0,0.0,816.5650400005688,0.0,0.0,816.5650400005688,70.28445096199903,max_model_only_throughput,1.224642191391519
317,2,0,-1,-1,0.0,0.0,0.0,830.172006999419,0.0,0.0,830.172006999419,70.42899746199873,max_model_only_throughput,1.2045696452888226
318,3,3,-1,-1,0.0,0.0,0.0,941.845754001406,0.0,0.0,941.845754001406,70.82968782399985,max_model_only_throughput,1.0617449786778008
319,4,2,-1,-1,0.0,0.0,0.0,833.5288719990785,0.0,0.0,833.5288719990785,70.77740746899872,max_model_only_throughput,1.1997184903765463
320,5,1,-1,-1,0.0,0.0,0.0,831.9269319999876,0.0,0.0,831.9269319999876,71.11639907399876,max_model_only_throughput,1.202028641621155
321,6,0,-1,-1,0.0,0.0,0.0,826.9700700002431,0.0,0.0,826.9700700002431,71.25601203699989,max_model_only_throughput,1.2092336062412827
322,7,2,-1,-1,0.0,0.0,0.0,881.6666290003923,0.0,0.0,881.6666290003923,71.65909524800009,max_model_only_throughput,1.1342155494007646
323,8,3,-1,-1,0.0,0.0,0.0,927.4376419998589,0.0,0.0,927.4376419998589,71.75715753699842,max_model_only_throughput,1.0782396084804935
324,0,1,-1,-1,0.0,0.0,0.0,781.3490569988062,0.0,0.0,781.3490569988062,71.89776966199861,max_model_only_throughput,1.2798377255884086
325,1,0,-1,-1,0.0,0.0,0.0,846.6300279997085,0.0,0.0,846.6300279997085,72.10265869699833,max_model_only_throughput,1.1811534754592288
326,2,2,-1,-1,0.0,0.0,0.0,853.0717070007086,0.0,0.0,853.0717070007086,72.51219458699961,max_model_only_throughput,1.1722343992814772
327,3,3,-1,-1,0.0,0.0,0.0,1032.4394130002474,0.0,0.0,1032.4394130002474,72.7896347019996,max_model_only_throughput,0.9685798385921948
328,4,1,-1,-1,0.0,0.0,0.0,842.1064200010733,0.0,0.0,842.1064200010733,72.73989697199977,max_model_only_throughput,1.1874983686726026
329,5,0,-1,-1,0.0,0.0,0.0,796.543851000024,0.0,0.0,796.543851000024,72.89922612299961,max_model_only_throughput,1.2554236640513214
330,6,2,-1,-1,0.0,0.0,0.0,777.8878659992188,0.0,0.0,777.8878659992188,73.29010574699896,max_model_only_throughput,1.28553232889868
331,7,1,-1,-1,0.0,0.0,0.0,862.2549029987567,0.0,0.0,862.2549029987567,73.60218822399838,max_model_only_throughput,1.1597498564776985
332,8,3,-1,-1,0.0,0.0,0.0,941.9700670005113,0.0,0.0,941.9700670005113,73.73165277099906,max_model_only_throughput,1.0616048588298264
333,0,0,-1,-1,0.0,0.0,0.0,848.4163019984408,0.0,0.0,848.4163019984408,73.74767357399833,max_model_only_throughput,1.1786666494320117
334,1,2,-1,-1,0.0,0.0,0.0,778.3780029985792,0.0,0.0,778.3780029985792,74.06851476899828,max_model_only_throughput,1.2847228417910794
335,2,1,-1,-1,0.0,0.0,0.0,825.204112999927,0.0,0.0,825.204112999927,74.42741935899903,max_model_only_throughput,1.2118213957570136
336,3,3,-1,-1,0.0,0.0,0.0,931.0116910000943,0.0,0.0,931.0116910000943,74.66268990999924,max_model_only_throughput,1.0741003680907577
337,4,0,-1,-1,0.0,0.0,0.0,872.0956619999924,0.0,0.0,872.0956619999924,74.61980369199955,max_model_only_throughput,1.1466631971390413
338,5,2,-1,-1,0.0,0.0,0.0,755.1793289985653,0.0,0.0,755.1793289985653,74.82371287399837,max_model_only_throughput,1.3241887874845417
339,6,1,-1,-1,0.0,0.0,0.0,808.9144759996998,0.0,0.0,808.9144759996998,75.23635739999918,max_model_only_throughput,1.2362246314904262
340,7,0,-1,-1,0.0,0.0,0.0,861.1990779991174,0.0,0.0,861.1990779991174,75.48105653199855,max_model_only_throughput,1.1611717029741464
341,8,3,-1,-1,0.0,0.0,0.0,1026.3132069994754,0.0,0.0,1026.3132069994754,75.68907566499911,max_model_only_throughput,0.9743614261026567
342,0,2,-1,-1,0.0,0.0,0.0,780.4813160000776,0.0,0.0,780.4813160000776,75.60423395499856,max_model_only_throughput,1.2812606522407777
343,1,1,-1,-1,0.0,0.0,0.0,826.9822830006888,0.0,0.0,826.9822830006888,76.063359329999,max_model_only_throughput,1.2092157480950134
344,2,0,-1,-1,0.0,0.0,0.0,834.0862029999698,0.0,0.0,834.0862029999698,76.31516777199977,max_model_only_throughput,1.1989168462483681
345,3,2,-1,-1,0.0,0.0,0.0,839.7561159999896,0.0,0.0,839.7561159999896,76.44401803399887,max_model_only_throughput,1.1908219314475494
346,4,3,-1,-1,0.0,0.0,0.0,950.0564380014112,0.0,0.0,950.0564380014112,76.63917943399974,max_model_only_throughput,1.0525690474806453
347,5,1,-1,-1,0.0,0.0,0.0,816.2880149993725,0.0,0.0,816.2880149993725,76.87966902599874,max_model_only_throughput,1.225057800218675
348,6,0,-1,-1,0.0,0.0,0.0,802.8965720004635,0.0,0.0,802.8965720004635,77.11808840999947,max_model_only_throughput,1.2454904341021682
349,7,2,-1,-1,0.0,0.0,0.0,835.2441160004673,0.0,0.0,835.2441160004673,77.27930845799892,max_model_only_throughput,1.197254767610288
350,8,3,-1,-1,0.0,0.0,0.0,922.8397229999246,0.0,0.0,922.8397229999246,77.56204090899882,max_model_only_throughput,1.0836117855322118
351,0,1,-1,-1,0.0,0.0,0.0,817.6098000003549,0.0,0.0,817.6098000003549,77.69729879399893,max_model_only_throughput,1.2230773163427908
352,1,0,-1,-1,0.0,0.0,0.0,804.9222069985262,0.0,0.0,804.9222069985262,77.92303667599845,max_model_only_throughput,1.2423560827435725
353,2,2,-1,-1,0.0,0.0,0.0,779.7217440001987,0.0,0.0,779.7217440001987,78.05904819599891,max_model_only_throughput,1.282508802267986
354,3,3,-1,-1,0.0,0.0,0.0,1003.3904709998751,0.0,0.0,1003.3904709998751,78.5654542229986,max_model_only_throughput,0.9966209854509616
355,4,1,-1,-1,0.0,0.0,0.0,817.4519959993631,0.0,0.0,817.4519959993631,78.51478847199905,max_model_only_throughput,1.2233134237778276
356,5,0,-1,-1,0.0,0.0,0.0,804.683495000063,0.0,0.0,804.683495000063,78.72773808499915,max_model_only_throughput,1.2427246317509244
357,6,2,-1,-1,0.0,0.0,0.0,747.1818430003623,0.0,0.0,747.1818430003623,78.80625633899945,max_model_only_throughput,1.3383622867285268
358,7,1,-1,-1,0.0,0.0,0.0,807.9770229996939,0.0,0.0,807.9770229996939,79.3227921359994,max_model_only_throughput,1.2376589575374335
359,8,3,-1,-1,0.0,0.0,0.0,1043.3684889994765,0.0,0.0,1043.3684889994765,79.60885666699869,max_model_only_throughput,0.958434158730379
360,0,0,-1,-1,0.0,0.0,0.0,865.416140999514,0.0,0.0,865.416140999514,79.5931959849986,max_model_only_throughput,1.155513460663038
361,1,2,-1,-1,0.0,0.0,0.0,831.2782339999103,0.0,0.0,831.2782339999103,79.63757030099987,max_model_only_throughput,1.2029666591752814
362,2,1,-1,-1,0.0,0.0,0.0,769.2956780010718,0.0,0.0,769.2956780010718,80.09211714999947,max_model_only_throughput,1.2998903134336948
363,3,0,-1,-1,0.0,0.0,0.0,844.3639500001154,0.0,0.0,844.3639500001154,80.4375826079995,max_model_only_throughput,1.184323418828887
364,4,3,-1,-1,0.0,0.0,0.0,1042.1902199996111,0.0,0.0,1042.1902199996111,80.65107646399883,max_model_only_throughput,0.959517735639827
365,5,2,-1,-1,0.0,0.0,0.0,906.193892000374,0.0,0.0,906.193892000374,80.54379833799976,max_model_only_throughput,1.1035165970855907
366,6,1,-1,-1,0.0,0.0,0.0,756.527586001539,0.0,0.0,756.527586001539,80.84866397299993,max_model_only_throughput,1.3218288645431704
367,7,0,-1,-1,0.0,0.0,0.0,833.1614439994155,0.0,0.0,833.1614439994155,81.27076850899903,max_model_only_throughput,1.2002475717067647
368,8,2,-1,-1,0.0,0.0,0.0,877.2449169991887,0.0,0.0,877.2449169991887,81.42107390399906,max_model_only_throughput,1.1399325098636335
369,0,3,-1,-1,0.0,0.0,0.0,964.1080520013929,0.0,0.0,964.1080520013929,81.61521482399985,max_model_only_throughput,1.0372281384063735
370,1,1,-1,-1,0.0,0.0,0.0,746.9980269997905,0.0,0.0,746.9980269997905,81.59568247899915,max_model_only_throughput,1.338691621471017
371,2,0,-1,-1,0.0,0.0,0.0,845.5295500007196,0.0,0.0,845.5295500007196,82.11634050999965,max_model_only_throughput,1.1826907764479064
372,3,2,-1,-1,0.0,0.0,0.0,809.5347609996679,0.0,0.0,809.5347609996679,82.23063304099924,max_model_only_throughput,1.2352774064514942
373,4,1,-1,-1,0.0,0.0,0.0,801.3142039999366,0.0,0.0,801.3142039999366,82.39701636999962,max_model_only_throughput,1.247949924022661
374,5,3,-1,-1,0.0,0.0,0.0,940.4091739997966,0.0,0.0,940.4091739997966,82.55565886399927,max_model_only_throughput,1.0633669126671197
375,6,0,-1,-1,0.0,0.0,0.0,896.8575509989023,0.0,0.0,896.8575509989023,83.0132395699984,max_model_only_throughput,1.115004271175751
376,7,2,-1,-1,0.0,0.0,0.0,827.3449389998859,0.0,0.0,827.3449389998859,83.05801254499966,max_model_only_throughput,1.2086857039445043
377,8,1,-1,-1,0.0,0.0,0.0,797.7619869998307,0.0,0.0,797.7619869998307,83.19480460699924,max_model_only_throughput,1.2535067053780444
378,0,3,-1,-1,0.0,0.0,0.0,892.6287699996465,0.0,0.0,892.6287699996465,83.44831387399972,max_model_only_throughput,1.1202865442040324
379,1,0,-1,-1,0.0,0.0,0.0,925.5967469998723,0.0,0.0,925.5967469998723,83.93886180499976,max_model_only_throughput,1.0803840908487312
380,2,2,-1,-1,0.0,0.0,0.0,835.1903810016665,0.0,0.0,835.1903810016665,83.89322424700003,max_model_only_throughput,1.1973317973330497
381,3,1,-1,-1,0.0,0.0,0.0,840.558122999937,0.0,0.0,840.558122999937,84.03540673299904,max_model_only_throughput,1.1896857250406643
382,4,3,-1,-1,0.0,0.0,0.0,873.0042429997411,0.0,0.0,873.0042429997411,84.3213449879986,max_model_only_throughput,1.1454698050079197
383,5,2,-1,-1,0.0,0.0,0.0,816.3325610003085,0.0,0.0,816.3325610003085,84.70957698699931,max_model_only_throughput,1.2249909507157613
384,6,0,-1,-1,0.0,0.0,0.0,908.3107149999705,0.0,0.0,908.3107149999705,84.84721357799936,max_model_only_throughput,1.100944845729396
385,7,1,-1,-1,0.0,0.0,0.0,822.3058229996241,0.0,0.0,822.3058229996241,84.85777272099949,max_model_only_throughput,1.2160925680328756
386,8,3,-1,-1,0.0,0.0,0.0,863.501671999984,0.0,0.0,863.501671999984,85.18486669799859,max_model_only_throughput,1.1580753488106952
387,0,2,-1,-1,0.0,0.0,0.0,790.6446800006961,0.0,0.0,790.6446800006961,85.50024753599973,max_model_only_throughput,1.2647906515972758
388,1,0,-1,-1,0.0,0.0,0.0,877.434888998323,0.0,0.0,877.434888998323,85.72467609899832,max_model_only_throughput,1.1396857049320173
389,2,1,-1,-1,0.0,0.0,0.0,881.4145480009756,0.0,0.0,881.4145480009756,85.7392414019996,max_model_only_throughput,1.1345399304651518
390,3,3,-1,-1,0.0,0.0,0.0,881.8230439992476,0.0,0.0,881.8230439992476,86.06670703499913,max_model_only_throughput,1.1340143658128912
391,4,2,-1,-1,0.0,0.0,0.0,793.7283489991387,0.0,0.0,793.7283489991387,86.29399560299862,max_model_only_throughput,1.2598768851597175
392,5,0,-1,-1,0.0,0.0,0.0,924.6847869999328,0.0,0.0,924.6847869999328,86.64937887999986,max_model_only_throughput,1.0814496075407722
393,6,1,-1,-1,0.0,0.0,0.0,841.2561530003586,0.0,0.0,841.2561530003586,86.58052906400007,max_model_only_throughput,1.1886985865523574
394,7,3,-1,-1,0.0,0.0,0.0,930.3496699994867,0.0,0.0,930.3496699994867,86.99708302499857,max_model_only_throughput,1.0748646796430332
395,8,2,-1,-1,0.0,0.0,0.0,788.4073739987798,0.0,0.0,788.4073739987798,87.08242915699884,max_model_only_throughput,1.2683798160436126
396,0,1,-1,-1,0.0,0.0,0.0,841.803732999324,0.0,0.0,841.803732999324,87.42235309499847,max_model_only_throughput,1.1879253569439838
397,1,0,-1,-1,0.0,0.0,0.0,891.0280630007037,0.0,0.0,891.0280630007037,87.540436158999,max_model_only_throughput,1.122299107653594
398,2,3,-1,-1,0.0,0.0,0.0,956.7630510009622,0.0,0.0,956.7630510009622,87.95386458199937,max_model_only_throughput,1.04519086408469
399,3,2,-1,-1,0.0,0.0,0.0,804.7632540001359,0.0,0.0,804.7632540001359,87.88722459199926,max_model_only_throughput,1.242601466989733
400,4,1,-1,-1,0.0,0.0,0.0,818.4100279995619,0.0,0.0,818.4100279995619,88.24078803999873,max_model_only_throughput,1.2218814112582395
401,5,0,-1,-1,0.0,0.0,0.0,836.6298420005478,0.0,0.0,836.6298420005478,88.37708673999987,max_model_only_throughput,1.195271731652318
402,6,2,-1,-1,0.0,0.0,0.0,834.2338940001355,0.0,0.0,834.2338940001355,88.72148378499878,max_model_only_throughput,1.1987045925513997
403,7,3,-1,-1,0.0,0.0,0.0,957.167844999276,0.0,0.0,957.167844999276,88.91107174199897,max_model_only_throughput,1.0447488444419655
404,8,1,-1,-1,0.0,0.0,0.0,788.8760009991529,0.0,0.0,788.8760009991529,89.02969574099916,max_model_only_throughput,1.2676263427122227
405,0,0,-1,-1,0.0,0.0,0.0,800.9080039992114,0.0,0.0,800.9080039992114,89.17801188699923,max_model_only_throughput,1.2485828522210458
406,1,2,-1,-1,0.0,0.0,0.0,800.3517649995047,0.0,0.0,800.3517649995047,89.52185842299878,max_model_only_throughput,1.249450608759036
407,2,3,-1,-1,0.0,0.0,0.0,961.9551329997194,0.0,0.0,961.9551329997194,89.87306019799871,max_model_only_throughput,1.0395495233562955
408,3,1,-1,-1,0.0,0.0,0.0,844.8594799992861,0.0,0.0,844.8594799992861,89.87457957699917,max_model_only_throughput,1.1836287852281009
409,4,0,-1,-1,0.0,0.0,0.0,826.9861609987856,0.0,0.0,826.9861609987856,90.0050238979984,max_model_only_throughput,1.2092100777022174
410,5,2,-1,-1,0.0,0.0,0.0,772.25616800024,0.0,0.0,772.25616800024,90.29413624199879,max_model_only_throughput,1.2949071065233488
411,6,3,-1,-1,0.0,0.0,0.0,991.4880480009742,0.0,0.0,991.4880480009742,90.86457273199994,max_model_only_throughput,1.0085850273396513
412,7,1,-1,-1,0.0,0.0,0.0,859.246117001021,0.0,0.0,859.246117001021,90.73384264699962,max_model_only_throughput,1.1638109037841735
413,8,0,-1,-1,0.0,0.0,0.0,843.4681449998607,0.0,0.0,843.4681449998607,90.84854279899992,max_model_only_throughput,1.185581229034044
414,0,2,-1,-1,0.0,0.0,0.0,777.690019000147,0.0,0.0,777.690019000147,91.07185415399908,max_model_only_throughput,1.285859372717256
415,1,1,-1,-1,0.0,0.0,0.0,867.3898489996645,0.0,0.0,867.3898489996645,91.60125238299952,max_model_only_throughput,1.152884139874672
416,2,0,-1,-1,0.0,0.0,0.0,900.4498790000071,0.0,0.0,900.4498790000071,91.74905090899847,max_model_only_throughput,1.1105559824279705
417,3,3,-1,-1,0.0,0.0,0.0,1026.8064190004225,0.0,0.0,1026.8064190004225,91.89142184299999,max_model_only_throughput,0.9738934053153679
418,4,2,-1,-1,0.0,0.0,0.0,808.7209329987672,0.0,0.0,808.7209329987672,91.88061265799843,max_model_only_throughput,1.236520484627451
419,5,1,-1,-1,0.0,0.0,0.0,792.3505929993553,0.0,0.0,792.3505929993553,92.39362401599828,max_model_only_throughput,1.262067585782464
420,6,0,-1,-1,0.0,0.0,0.0,875.4229200003465,0.0,0.0,875.4229200003465,92.62451060899912,max_model_only_throughput,1.1423050244099209
421,7,2,-1,-1,0.0,0.0,0.0,853.1234389993188,0.0,0.0,853.1234389993188,92.73375829899851,max_model_only_throughput,1.1721633169204235
422,8,3,-1,-1,0.0,0.0,0.0,958.3926429986604,0.0,0.0,958.3926429986604,92.84985626499838,max_model_only_throughput,1.0434136857219152
423,0,1,-1,-1,0.0,0.0,0.0,780.0331319995166,0.0,0.0,780.0331319995166,93.17368527199869,max_model_only_throughput,1.281996826771481
424,1,0,-1,-1,0.0,0.0,0.0,777.5769010004296,0.0,0.0,777.5769010004296,93.4021092009989,max_model_only_throughput,1.2860464331095753
425,2,2,-1,-1,0.0,0.0,0.0,871.9333530007134,0.0,0.0,871.9333530007134,93.60571885299942,max_model_only_throughput,1.146876646659463
426,3,3,-1,-1,0.0,0.0,0.0,920.5107239995414,0.0,0.0,920.5107239995414,93.77038689699839,max_model_only_throughput,1.0863534491538398
427,4,1,-1,-1,0.0,0.0,0.0,789.9929159993917,0.0,0.0,789.9929159993917,93.96369655299895,max_model_only_throughput,1.2658341356579583
428,5,0,-1,-1,0.0,0.0,0.0,808.6586660010653,0.0,0.0,808.6586660010653,94.21079104099954,max_model_only_throughput,1.2366156971335576
429,6,2,-1,-1,0.0,0.0,0.0,790.0604209989979,0.0,0.0,790.0604209989979,94.39580375999867,max_model_only_throughput,1.26572597920491
430,7,3,-1,-1,0.0,0.0,0.0,938.2440809986292,0.0,0.0,938.2440809986292,94.7086591319985,max_model_only_throughput,1.0658207392426502
431,8,1,-1,-1,0.0,0.0,0.0,771.7005089998565,0.0,0.0,771.7005089998565,94.73541426499833,max_model_only_throughput,1.295839497755451
432,0,0,-1,-1,0.0,0.0,0.0,847.4291670008824,0.0,0.0,847.4291670008824,95.05824340199979,max_model_only_throughput,1.1800396291988362
433,1,2,-1,-1,0.0,0.0,0.0,784.4288149990462,0.0,0.0,784.4288149990462,95.18025740199846,max_model_only_throughput,1.27481293506692
434,2,3,-1,-1,0.0,0.0,0.0,968.4153550006158,0.0,0.0,968.4153550006158,95.67712737799957,max_model_only_throughput,1.0326147709619538
435,3,1,-1,-1,0.0,0.0,0.0,813.0877269995835,0.0,0.0,813.0877269995835,95.54852738099908,max_model_only_throughput,1.229879589611014
436,4,0,-1,-1,0.0,0.0,0.0,824.5892670001922,0.0,0.0,824.5892670001922,95.88285158500003,max_model_only_throughput,1.2127249771731106
437,5,2,-1,-1,0.0,0.0,0.0,769.4775020008819,0.0,0.0,769.4775020008819,95.9497654429997,max_model_only_throughput,1.299583155322524
438,6,1,-1,-1,0.0,0.0,0.0,776.3294779997523,0.0,0.0,776.3294779997523,96.32487634599966,max_model_only_throughput,1.288112880341147
439,7,3,-1,-1,0.0,0.0,0.0,941.4048019989423,0.0,0.0,941.4048019989423,96.61859059099879,max_model_only_throughput,1.0622422977624917
440,8,0,-1,-1,0.0,0.0,0.0,854.9331310005073,0.0,0.0,854.9331310005073,96.73780857099882,max_model_only_throughput,1.1696821233606007
441,0,2,-1,-1,0.0,0.0,0.0,829.1617680006311,0.0,0.0,829.1617680006311,96.77896758699899,max_model_only_throughput,1.2060372759483513
442,1,1,-1,-1,0.0,0.0,0.0,757.0513509999728,0.0,0.0,757.0513509999728,97.08194697399995,max_model_only_throughput,1.3209143589521657
443,2,3,-1,-1,0.0,0.0,0.0,943.3609879997675,0.0,0.0,943.3609879997675,97.5619739119993,max_model_only_throughput,1.0600395953624557
444,3,0,-1,-1,0.0,0.0,0.0,878.1091609998839,0.0,0.0,878.1091609998839,97.61594497399892,max_model_only_throughput,1.138810576650085
445,4,2,-1,-1,0.0,0.0,0.0,816.1730629999511,0.0,0.0,816.1730629999511,97.59517137900002,max_model_only_throughput,1.2252303406392375
446,5,1,-1,-1,0.0,0.0,0.0,811.7264900010923,0.0,0.0,811.7264900010923,97.89369226999952,max_model_only_throughput,1.2319420547660755
447,6,3,-1,-1,0.0,0.0,0.0,1009.3418059987016,0.0,0.0,1009.3418059987016,98.57136131499828,max_model_only_throughput,0.9907446556328277
448,7,2,-1,-1,0.0,0.0,0.0,961.1615739995614,0.0,0.0,961.1615739995614,98.5563987079986,max_model_only_throughput,1.040407801405153
449,8,0,-1,-1,0.0,0.0,0.0,845.1977679997071,0.0,0.0,845.1977679997071,98.46119085399914,max_model_only_throughput,1.1831550411765244
450,0,1,-1,-1,0.0,0.0,0.0,758.087975998933,0.0,0.0,758.087975998933,98.651801005999,max_model_only_throughput,1.319108113649078
451,1,0,-1,-1,0.0,0.0,0.0,916.7721899993921,0.0,0.0,916.7721899993921,99.37798515599934,max_model_only_throughput,1.0907835238770311
452,2,2,-1,-1,0.0,0.0,0.0,900.1466059999075,0.0,0.0,900.1466059999075,99.45659270399847,max_model_only_throughput,1.110930145527986
453,3,3,-1,-1,0.0,0.0,0.0,1022.4216410006193,0.0,0.0,1022.4216410006193,99.59385048399963,max_model_only_throughput,0.9780700641482161
454,4,1,-1,-1,0.0,0.0,0.0,876.3925040002505,0.0,0.0,876.3925040002505,99.52823981799884,max_model_only_throughput,1.1410412519910305
455,5,0,-1,-1,0.0,0.0,0.0,910.5002659998718,0.0,0.0,910.5002659998718,100.28854311199939,max_model_only_throughput,1.0982973177957762
456,6,2,-1,-1,0.0,0.0,0.0,898.6463849996653,0.0,0.0,898.6463849996653,100.35527222199926,max_model_only_throughput,1.11278475793387
457,7,1,-1,-1,0.0,0.0,0.0,890.7071670000732,0.0,0.0,890.7071670000732,100.41899569799898,max_model_only_throughput,1.1227034395243816
458,8,3,-1,-1,0.0,0.0,0.0,973.8514019991271,0.0,0.0,973.8514019991271,100.56776406499921,max_model_only_throughput,1.0268507063266479
459,0,0,-1,-1,0.0,0.0,0.0,904.5485019996704,0.0,0.0,904.5485019996704,101.19312014799834,max_model_only_throughput,1.105523913631294
460,1,2,-1,-1,0.0,0.0,0.0,877.8281399991101,0.0,0.0,877.8281399991101,101.23313080999833,max_model_only_throughput,1.139175146516736
461,2,1,-1,-1,0.0,0.0,0.0,902.3387329998513,0.0,0.0,902.3387329998513,101.32136800499939,max_model_only_throughput,1.1082312699527714
462,3,3,-1,-1,0.0,0.0,0.0,920.9461479986203,0.0,0.0,920.9461479986203,101.48874614199849,max_model_only_throughput,1.08583982046418
463,4,0,-1,-1,0.0,0.0,0.0,944.3430219998845,0.0,0.0,944.3430219998845,102.1375062219995,max_model_only_throughput,1.0589372470633052
464,5,2,-1,-1,0.0,0.0,0.0,856.424806999712,0.0,0.0,856.424806999712,102.08958367099876,max_model_only_throughput,1.1676448321286614
465,6,1,-1,-1,0.0,0.0,0.0,900.6788589995267,0.0,0.0,900.6788589995267,102.22210244999951,max_model_only_throughput,1.1102736452710782
466,7,3,-1,-1,0.0,0.0,0.0,919.9282420013333,0.0,0.0,919.9282420013333,102.40871946900006,max_model_only_throughput,1.0870413085964923
467,8,2,-1,-1,0.0,0.0,0.0,870.6522299999051,0.0,0.0,870.6522299999051,102.96025941499829,max_model_only_throughput,1.1485642206419306
468,0,0,-1,-1,0.0,0.0,0.0,952.8147540004284,0.0,0.0,952.8147540004284,103.09035177399892,max_model_only_throughput,1.0495219514616694
469,1,1,-1,-1,0.0,0.0,0.0,821.8220079997991,0.0,0.0,821.8220079997991,103.04398033399957,max_model_only_throughput,1.2168084941334942
470,2,3,-1,-1,0.0,0.0,0.0,915.4200720004155,0.0,0.0,915.4200720004155,103.32416976899913,max_model_only_throughput,1.0923946618460711
471,3,2,-1,-1,0.0,0.0,0.0,811.6056349990686,0.0,0.0,811.6056349990686,103.7718899679985,max_model_only_throughput,1.23212550144646
472,4,1,-1,-1,0.0,0.0,0.0,840.8540479995281,0.0,0.0,840.8540479995281,103.88489321399902,max_model_only_throughput,1.1892670343671357
473,5,0,-1,-1,0.0,0.0,0.0,886.9444980009575,0.0,0.0,886.9444980009575,103.97733500499999,max_model_only_throughput,1.1274662645225861
474,6,3,-1,-1,0.0,0.0,0.0,888.8075449995085,0.0,0.0,888.8075449995085,104.21300400399923,max_model_only_throughput,1.1251029602820855
475,7,2,-1,-1,0.0,0.0,0.0,822.3198329997103,0.0,0.0,822.3198329997103,104.5942350489986,max_model_only_throughput,1.2160718492610554
476,8,1,-1,-1,0.0,0.0,0.0,888.7491969999246,0.0,0.0,888.7491969999246,104.77367686599973,max_model_only_throughput,1.1251768253356687
477,0,0,-1,-1,0.0,0.0,0.0,859.4863480011554,0.0,0.0,859.4863480011554,104.83688651699958,max_model_only_throughput,1.1634856124540278
478,1,3,-1,-1,0.0,0.0,0.0,885.205460999714,0.0,0.0,885.205460999714,105.09822663799969,max_model_only_throughput,1.1296812367951752
479,2,2,-1,-1,0.0,0.0,0.0,818.1814899999154,0.0,0.0,818.1814899999154,105.41246003099877,max_model_only_throughput,1.222222712469459
480,3,1,-1,-1,0.0,0.0,0.0,865.1441029996931,0.0,0.0,865.1441029996931,105.63884250999945,max_model_only_throughput,1.155876803104505
481,4,0,-1,-1,0.0,0.0,0.0,821.3754250009515,0.0,0.0,821.3754250009515,105.65831288799927,max_model_only_throughput,1.2174700746602463
482,5,3,-1,-1,0.0,0.0,0.0,865.0436230000196,0.0,0.0,865.0436230000196,105.96330453599876,max_model_only_throughput,1.156011065120559
483,6,2,-1,-1,0.0,0.0,0.0,752.6558810004644,0.0,0.0,752.6558810004644,106.16515237099884,max_model_only_throughput,1.3286284280018572
484,7,1,-1,-1,0.0,0.0,0.0,819.7574670011818,0.0,0.0,819.7574670011818,106.45866445899992,max_model_only_throughput,1.219872999337447
485,8,0,-1,-1,0.0,0.0,0.0,863.5498350013222,0.0,0.0,863.5498350013222,106.52188782099984,max_model_only_throughput,1.158010759157251
486,0,3,-1,-1,0.0,0.0,0.0,914.0114130004804,0.0,0.0,914.0114130004804,106.87733625699911,max_model_only_throughput,1.0940782421055768
487,1,2,-1,-1,0.0,0.0,0.0,794.3630839999969,0.0,0.0,794.3630839999969,106.95953348900002,max_model_only_throughput,1.2588701818374077
488,2,1,-1,-1,0.0,0.0,0.0,863.9307749999716,0.0,0.0,863.9307749999716,107.3226156619985,max_model_only_throughput,1.1575001480877132
489,3,0,-1,-1,0.0,0.0,0.0,847.2393950014521,0.0,0.0,847.2393950014521,107.36915921699983,max_model_only_throughput,1.180303944669955
490,4,3,-1,-1,0.0,0.0,0.0,928.0903920007404,0.0,0.0,928.0903920007404,107.80544933199963,max_model_only_throughput,1.0774812546483103
491,5,2,-1,-1,0.0,0.0,0.0,829.4550869995874,0.0,0.0,829.4550869995874,107.78903271999843,max_model_only_throughput,1.2056107867363015
492,6,1,-1,-1,0.0,0.0,0.0,832.9832010003884,0.0,0.0,832.9832010003884,108.15562008300003,max_model_only_throughput,1.200504402488585
493,7,0,-1,-1,0.0,0.0,0.0,854.0492969987099,0.0,0.0,854.0492969987099,108.22323012499874,max_model_only_throughput,1.170892597785852
494,8,2,-1,-1,0.0,0.0,0.0,837.6194539996504,0.0,0.0,837.6194539996504,108.62667162099933,max_model_only_throughput,1.1938595685964302
495,0,3,-1,-1,0.0,0.0,0.0,958.1455429997732,0.0,0.0,958.1455429997732,108.76363175499864,max_model_only_throughput,1.0436827758642893
496,1,1,-1,-1,0.0,0.0,0.0,834.1814979994524,0.0,0.0,834.1814979994524,108.98982890299885,max_model_only_throughput,1.1987798847112003
497,2,0,-1,-1,0.0,0.0,0.0,812.9660220001824,0.0,0.0,812.9660220001824,109.03621793899947,max_model_only_throughput,1.2300637086155806
498,3,2,-1,-1,0.0,0.0,0.0,732.8095690008922,0.0,0.0,732.8095690008922,109.3595020089997,max_model_only_throughput,1.3646110016868276
499,4,3,-1,-1,0.0,0.0,0.0,738.3678119986143,0.0,0.0,738.3678119986143,109.50206519199855,max_model_only_throughput,1.3543385610122949
0,0,3,0,0,0.0,32.06482200039318,0.37045399949420244,837.1140470007958,0.8623480007372564,3.5687319996213773,874.1611059995194,0.8743476109993935,max_end_to_end_throughput,1.1439538926369826
1,1,0,1,0,0.0,28.802242999518057,0.3450349995546276,687.673544000063,0.10714400013966952,5.745208000007551,722.7552299991657,0.7231724529992789,max_end_to_end_throughput,1.3835942771402072
2,2,1,1,0,0.0,32.306361999872024,0.5371000006562099,1136.868437000885,0.15034599891805556,3.0534019988408545,1173.1395030001295,1.2024988439989102,max_end_to_end_throughput,0.8524135428417925
3,3,2,0,0,0.0,33.068018999983906,0.44923399946128484,1150.1810640002077,0.25385300068592187,3.5714770001504803,1187.785193000309,1.2202485830002843,max_end_to_end_throughput,0.8419030695895701
4,4,0,1,0,0.0,33.69932900022832,621.35288600075,618.5795609999332,0.1753939995978726,4.235888000039267,1278.4012680003798,1.3403731229991536,max_end_to_end_throughput,0.7822270088672213
5,5,3,0,0,0.0,46.0870890001388,757.7498809987446,741.1960249992262,0.1818550008465536,3.8528710010723444,1549.3810170009965,1.6152160330002516,max_end_to_end_throughput,0.6454190344577824
6,6,1,1,0,0.0,38.70301699862466,1064.0152850010054,1048.3539790002396,0.1734489997033961,0.8526600013283314,2152.6283890016202,2.2487427140004,max_end_to_end_throughput,0.46454836566742286
7,7,2,0,0,0.0,37.02952700041351,1066.7409439993207,1111.501737999788,0.23759100076858886,3.143894000459113,2219.109920999472,2.33139852199929,max_end_to_end_throughput,0.45063112491048074
8,8,0,1,0,0.0,38.3118129993818,1161.880697000015,637.9464000001462,0.11860599988722242,3.1620690006093355,1841.8275180010824,1.9772727740000846,max_end_to_end_throughput,0.5429390049972163
9,0,3,0,0,0.0,43.292608999763615,1417.7267360009864,652.816095000162,0.18512200040277094,4.133775000809692,2118.564716000037,2.2683880040003714,max_end_to_end_throughput,0.47201767897279684
10,1,0,1,0,0.0,37.246099000185495,1762.0013860014296,666.2447599992447,0.16481300008308608,3.2648739997966914,2469.4034269996337,2.643719477999184,max_end_to_end_throughput,0.4049561076437869
11,2,1,0,0,0.0,41.71931800010498,2011.8383369990624,1044.257812000069,0.7494740002584876,2.774230999420979,3101.973177999753,3.295574616999147,max_end_to_end_throughput,0.32237545027543746
12,3,3,1,0,0.0,36.517775000902475,2015.0548170004186,775.2516090004065,0.2548550000938121,4.202906000500661,2831.7319660000067,3.043843008999829,max_end_to_end_throughput,0.3531407675609075
13,4,2,0,0,0.0,33.788808999815956,2057.830522999211,1157.0461700011947,0.14472500151896384,1.3564170003519394,3250.5946069995844,3.486655572000018,max_end_to_end_throughput,0.3076360238359701
14,5,0,1,0,0.0,23.495036000895198,1899.0211709988216,554.1917089994968,0.22305300080915913,3.9452060009352863,2481.1887400010164,3.1987183500004903,max_end_to_end_throughput,0.40303262056541106
15,6,3,0,0,0.0,23.691238999163033,2145.1565690003918,745.9684170007677,0.12636999963433482,0.902514000699739,2916.3081599999714,3.786448646000281,max_end_to_end_throughput,0.3428992908623243
16,7,0,1,0,0.0,29.5424579999235,1965.2751249996072,661.9518119987333,0.12017800145258661,2.6403970005048905,2659.862170999986,3.8593580790002306,max_end_to_end_throughput,0.37595933011222377
17,8,1,0,0,0.0,34.48664200004714,2040.543521001382,973.6477669994201,0.1273119996767491,2.81206299951009,3051.972459999888,4.26870991099895,max_end_to_end_throughput,0.3276569540211502
18,0,2,1,0,0.0,26.431735001096968,2122.1386910001456,989.4182909993106,3.046327999982168,8.021341000130633,3149.502833999577,4.48570654499963,max_end_to_end_throughput,0.3175104302827671
19,1,3,0,0,0.0,22.522105999087216,2151.0822939999343,768.8550830007443,0.15471400001842994,3.791674000240164,2946.8433929996536,4.5582703959989885,max_end_to_end_throughput,0.339346163550985
20,2,0,1,0,0.0,25.83735599910142,1856.4115810004296,616.9962170006329,0.09941899952536914,3.8263200003711972,2503.4182620001957,4.477573050999126,max_end_to_end_throughput,0.3994538248678486
21,3,1,0,0,0.0,27.56009899894707,1990.0262840001233,1049.504036000144,0.2637109992065234,3.4588919988891575,3071.146084999782,5.319082095998965,max_end_to_end_throughput,0.3256113425812732
22,4,0,1,0,0.0,35.36915599943313,2173.6011239991058,644.9425810005778,0.15143800010264385,3.0618780001532286,2857.550000999254,5.121865696999521,max_end_to_end_throughput,0.34995013198380115
23,5,2,0,0,0.0,27.956420000919024,2117.990385999292,1089.4158730006893,0.1499840000178665,4.226139999445877,3240.149425000709,5.5684597689996735,max_end_to_end_throughput,0.3086277417590953
24,6,3,1,0,0.0,23.341881998931058,1890.2128329991683,731.2875560000975,0.22268400061875582,4.532721999567002,2649.926179999966,5.290427853999063,max_end_to_end_throughput,0.3773690027848296
25,7,0,0,0,0.0,25.836353001068346,2052.669725000669,633.58284899914,0.10423800085845869,3.8399360000767047,2716.53384199999,5.756248325998968,max_end_to_end_throughput,0.3681161576340869
26,8,3,1,0,0.0,26.44461800082354,2063.962332000301,752.6179910000792,0.13526700058719143,1.0539720005908748,2844.710663001024,6.039562336000017,max_end_to_end_throughput,0.3515295994795658
27,0,1,0,0,0.0,26.617153998813592,1996.2051619986596,1003.2375210012106,0.39207500049087685,1.2095380006940104,3028.0558899994503,6.32032197099943,max_end_to_end_throughput,0.3302448951826254
28,1,2,1,0,0.0,24.71457999854465,2053.7124709990167,973.7450539996644,0.895421000677743,3.415209001104813,3056.862055000238,6.542211185000269,max_end_to_end_throughput,0.32713285127284625
29,2,0,0,0,0.0,25.745227001607418,1940.7014320004237,603.5741920004511,0.12944599984621163,2.8172319998702733,2573.2763249998243,6.3588694159989245,max_end_to_end_throughput,0.3886096453322277
30,3,3,1,0,0.0,23.999680999622797,2157.37253700172,738.7894479998067,0.18689500029722694,1.0598540011415025,2921.7007600000215,6.77846942799988,max_end_to_end_throughput,0.3422663996568877
31,4,1,0,0,0.0,22.56815999862738,2029.992914000104,958.9774050000415,0.1858730011008447,0.8012019989109831,3012.83664499897,7.278781150998839,max_end_to_end_throughput,0.33191311638482207
32,5,0,1,0,0.0,38.852669998959755,1843.0156020003778,694.1542719996505,0.13543800014303997,2.6521279996813973,2579.1230449995055,7.052916163998816,max_end_to_end_throughput,0.38772869016033773
33,6,2,0,0,0.0,42.69979999844509,2020.1238469999225,1011.7260360002547,0.8112609993986553,2.95655700028874,3078.5795689989754,7.553457608999452,max_end_to_end_throughput,0.32482512716900735
34,7,3,1,0,0.0,27.25933200053987,2194.9870890002785,709.7556609987805,0.5567179996432969,3.222080998966703,2936.2932549993275,7.490835757998866,max_end_to_end_throughput,0.3405654385158573
35,8,0,0,0,0.0,21.72417600013432,1909.1888109996944,592.0888090004155,0.13619899982586503,3.201741999873775,2526.746188999823,7.64561209599924,max_end_to_end_throughput,0.39576590808902573
36,0,1,1,0,0.0,30.682865999551723,1960.7487200009928,938.7139939990448,0.6018339990987442,1.9645920001494233,2933.1460490011523,8.219149798000217,max_end_to_end_throughput,0.34093085829822145
37,1,3,0,0,0.0,26.750685001388774,2144.2842929991457,735.852290999901,0.19945900021411944,8.376453999517253,2915.8518299991556,8.231562209999538,max_end_to_end_throughput,0.34295295450602153
38,2,2,1,0,0.0,31.371885001135524,1953.5610119983176,1099.4895870007895,0.13455599946610164,0.8067020007729298,3085.8442549997562,8.65019650999966,max_end_to_end_throughput,0.32406042475402863
39,3,0,0,0,0.0,24.00207299979229,1865.5688720009493,650.2907190006226,0.2089869994961191,2.88122299934912,2543.268043998978,8.29572583799927,max_end_to_end_throughput,0.39319489047156125
40,4,1,1,0,0.0,21.9162490011513,2155.8019620006235,1053.7145670004975,0.17669500084593892,3.9825259991630446,3235.9675930001686,9.27452734399958,max_end_to_end_throughput,0.3090265805390431
41,5,3,0,0,0.0,24.49585899921658,1878.9281900008064,834.5575489984185,0.2229229994554771,1.3134159999026451,2739.9761080014287,9.059154356000363,max_end_to_end_throughput,0.3649666860523875
42,6,0,1,0,0.0,24.305157001435873,1911.786040998777,660.1242030010326,0.19349699869053438,3.788297000937746,2600.5508880007255,8.956821396999658,max_end_to_end_throughput,0.38453390957051753
43,7,2,0,0,0.0,27.63001399944187,2083.0782749999344,911.9912160003878,0.8997789991553873,3.743220999240293,3027.8389979994245,9.565960582998741,max_end_to_end_throughput,0.3302685514853092
44,8,0,1,0,0.0,21.702912999899127,2153.3216949992493,625.1759019996825,0.21175300025788601,4.262507000021287,2805.32669799868,9.582812696999099,max_end_to_end_throughput,0.35646472145771824
45,0,3,0,0,0.0,18.39523799935705,1988.6414800002967,757.8860470002837,0.14801100041950122,1.050345001203823,2766.480094000144,9.816794244999983,max_end_to_end_throughput,0.36147015919932657
46,1,1,1,0,0.0,19.496050001180265,1972.6481819998298,933.0396150016895,0.14807099978497718,3.2118919989443384,2928.8142529985635,10.206835289998708,max_end_to_end_throughput,0.3414351043177918
47,2,2,0,0,0.0,32.445040000311565,2041.456040000412,1035.2282660005585,0.14884200027154293,0.8904110000003129,3110.459093000827,10.59767821999958,max_end_to_end_throughput,0.321495949665503
48,3,0,1,0,0.0,23.978715000339434,2004.126580000957,587.1554549994471,0.22167099996295292,4.380151000077603,2620.2805259999877,10.170164535998993,max_end_to_end_throughput,0.38163852689717875
49,4,3,0,0,0.0,24.488112998369616,2148.3117190000485,720.7973120002862,0.15026499931991566,0.8662159998493735,2895.001883000077,10.537464785998964,max_end_to_end_throughput,0.3454229186765518
50,5,0,1,0,0.0,32.92881900051725,1915.6011689992738,671.9629130002431,0.1755539997247979,3.44640700132004,2624.385615999927,10.841232339000271,max_end_to_end_throughput,0.3810415641296625
51,6,1,0,0,0.0,33.58078799828945,1946.2984840010904,958.8791019996279,0.16465299995616078,1.0059609994641505,2940.337723999619,11.16359218999969,max_end_to_end_throughput,0.3400969867637319
52,7,3,1,0,0.0,24.487619999490562,2218.738551999195,739.5039809998707,0.20188400048937183,1.4659650005341973,2984.792532000938,11.2776860390004,max_end_to_end_throughput,0.3350316610882239
53,8,2,0,0,0.0,24.49951400012651,1922.5036480002018,1030.7898829996702,0.18149500101571903,1.2282129991945112,2979.474678999395,11.628906926998752,max_end_to_end_throughput,0.3356296353341834
54,0,0,1,0,0.0,28.725080999720376,1855.412211998555,626.6080969999166,0.11873499897774309,3.0315390013129218,2514.346850999573,11.467448030000014,max_end_to_end_throughput,0.3977176019300807
55,1,1,0,0,0.0,21.66236300035962,2082.4019009996846,954.754745000173,0.2020939991780324,1.2529499999800464,3060.7940919999237,12.118698672999017,max_end_to_end_throughput,0.32671260135195823
56,2,3,1,0,0.0,29.15777199996228,1975.911202000134,767.5413090000802,0.16048399993451312,0.9912730001815362,2774.195113001042,12.044795607000196,max_end_to_end_throughput,0.3604649129809149
57,3,0,0,0,0.0,31.258762999641476,1871.0295759992732,620.9776060004515,0.16383100046368781,3.94626700108347,2527.8461260004406,12.089444883000397,max_end_to_end_throughput,0.3955936992028073
58,4,2,1,0,0.0,32.60702400075388,2015.9321400005865,998.5128810003516,0.3064219999941997,3.383016000952921,3051.169366000977,12.629790730999957,max_end_to_end_throughput,0.32774319614733566
59,5,3,0,0,0.0,21.42561199980264,2206.1307240001042,829.6073940000497,0.8122229992295615,3.961545000493061,3062.29812499987,12.8780886429995,max_end_to_end_throughput,0.3265521380287043
60,6,0,1,0,0.0,28.852801999164512,1890.1631129992893,737.1818360006728,0.1460880012018606,3.7730069998360705,2660.624069001642,12.826510859000336,max_end_to_end_throughput,0.3758516701591873
61,7,1,0,0,0.0,22.18763000018953,1891.099688000395,958.0577470005665,0.14030600141268224,3.1240839998645242,2874.9668939999538,13.078639285999088,max_end_to_end_throughput,0.3478300922654089
62,8,2,1,0,0.0,20.673671999247745,2068.551442000171,1066.3090010002634,0.2517079992685467,1.0367800005042227,3157.15891400032,13.693803961999947,max_end_to_end_throughput,0.3167404705431621
63,0,0,0,0,0.0,19.222725999497925,2206.2621229997603,626.6863149994606,0.14674900012323633,3.841296000246075,2856.495989000905,13.453333362000194,max_end_to_end_throughput,0.35007925929199796
64,1,3,1,0,0.0,23.43946600012714,2011.6439899993566,742.8628570014553,0.10842600022442639,1.0959419996652286,2779.5934030000353,13.617441592999967,max_end_to_end_throughput,0.359764848672001
65,2,1,0,0,0.0,26.308106000215048,1886.1940860006143,844.9385869989783,0.2071939998131711,3.227840999898035,2761.1817349988996,13.923814832998687,max_end_to_end_throughput,0.36216377477971345
66,3,0,1,0,0.0,27.002042999811238,2145.504374000666,647.8181789989321,0.1922960000229068,4.189268000118318,2825.3067299992836,14.101606845999413,max_end_to_end_throughput,0.3539438707245261
67,4,3,0,0,0.0,25.23645899964322,2126.225361998877,747.0456250011921,0.3345650002302136,4.35315799950331,2903.5658539996803,14.368038992999573,max_end_to_end_throughput,0.34440410525647064
68,5,2,1,0,0.0,25.83879300073022,2038.6408280010073,1057.3174479995942,0.18475099932402372,3.2345540003007045,3125.612376999925,14.753349712000272,max_end_to_end_throughput,0.3199373048809833
69,6,1,0,0,0.0,26.524545000938815,1849.6629010005563,935.7046099994477,0.20786399909411557,1.7619459995330544,2814.2908129993884,14.85814760699941,max_end_to_end_throughput,0.35532930547935426
70,7,0,1,0,0.0,30.78959799859149,1980.5481399998826,573.8307390001864,0.15173800056800246,3.393916000277386,2589.1361520007194,14.674687679000272,max_end_to_end_throughput,0.38622920591768173
71,8,3,0,0,0.0,27.04322099998535,2218.4591189998173,734.0642899998784,0.13339299948711414,1.631769999221433,2981.758212999921,15.09927614299886,max_end_to_end_throughput,0.33537259850251533
72,0,0,1,0,0.0,28.39103000042087,2015.8469369998784,655.7265800001915,0.11874600022565573,2.1703820002585417,2702.7237879992754,15.329207516999304,max_end_to_end_throughput,0.36999711344541886
73,1,2,0,0,0.0,32.93664400007401,1893.9788740008225,1111.4818930000183,0.2926159995695343,3.3759319994715042,3042.4241500004428,15.865208429999257,max_end_to_end_throughput,0.3286852689490565
74,2,1,1,0,0.0,32.91154699945764,1949.4144849995791,936.205270998471,0.15434400120284408,0.9350359996460611,2920.055628999762,15.79357769699891,max_end_to_end_throughput,0.34245922922452704
75,3,3,0,0,0.0,27.24120499988203,1994.2815940012224,650.5658139994921,0.2189859987993259,4.261083000528743,2677.0463499997277,15.752623128999403,max_end_to_end_throughput,0.37354601648944247
76,4,0,1,0,0.0,26.989645999492495,1850.0346439996065,594.9120360000961,0.17373999980918597,3.6211579990776954,2476.1329569992085,15.925682351999058,max_end_to_end_throughput,0.4038555349676724
77,5,3,0,0,0.0,25.536175000524963,2105.9394720014097,778.5979500004032,0.16286899881379213,0.9341949989902787,2911.527157999444,16.527919226999074,max_end_to_end_throughput,0.34346236381566697
78,6,1,1,0,0.0,27.374687999326852,2071.952248999878,1075.7395410000754,0.2099190005537821,2.8562049992615357,3178.5429709998425,16.87136950599961,max_end_to_end_throughput,0.3146095582547497
79,7,2,0,0,0.0,29.141012999389204,1911.4880619999894,1099.9956569994538,0.19291699936729856,3.6096359999646666,3044.7988199994143,16.96545711699946,max_end_to_end_throughput,0.3284289239182615
80,8,0,1,0,0.0,31.175447000350687,1792.807605001144,610.1010620004672,0.2230339996458497,5.574256998443161,2440.434683998319,16.537914159998763,max_end_to_end_throughput,0.4097630666196059
81,0,3,0,0,0.0,24.892782001188607,2137.718057998427,801.6685450002115,0.22998700114840176,4.1057669986912515,2969.1252279990294,17.332892196998728,max_end_to_end_throughput,0.3367995362977418
82,1,0,1,0,0.0,24.083955000605783,1836.4032030003727,691.0613000000012,0.1063920008164132,3.2716440000513103,2555.2843940004095,17.226645033999375,max_end_to_end_throughput,0.39134587224338513
83,2,1,0,0,0.0,33.833543999207905,2083.8927829991007,994.7580320003908,0.34352299917372875,1.6454650012747152,3114.9511330004316,17.865139460000137,max_end_to_end_throughput,0.3210323235590423
84,3,2,1,0,0.0,30.387418999453075,2074.4870970011107,1071.4866039998014,0.23190100000647362,1.3550230014516274,3178.7687610012654,18.035225276000347,max_end_to_end_throughput,0.31458721133430756
85,4,0,0,0,0.0,28.15582900075242,2097.0405449988903,610.5709530002059,0.1744010005495511,3.1156170007307082,2739.489297000546,17.837181570999746,max_end_to_end_throughput,0.36503154113246417
86,5,3,1,0,0.0,22.36982800059195,1978.9123790014855,684.6885969989671,0.2244360002805479,3.543098999216454,2689.999407000869,18.017093288999604,max_end_to_end_throughput,0.37174729384603056
87,6,0,0,0,0.0,26.87096699992253,2058.127500999035,674.754726998799,0.17481199938629288,3.3542910005053272,2763.8104610014125,18.512241147000168,max_end_to_end_throughput,0.3618193121816572
88,7,1,1,0,0.0,24.89594699909503,2045.3126869997504,1016.7780760002643,0.3430919987295056,1.6572670010646107,3089.366849000726,18.8820637230001,max_end_to_end_throughput,0.3236909207863922
89,8,3,0,0,0.0,24.820523000016692,2126.208329998917,769.542428000932,0.19127400082652457,2.886491000026581,2924.137193000206,18.786040846000105,max_end_to_end_throughput,0.3419812183894101
90,0,2,1,0,0.0,24.512107000191463,2086.6454429997248,1103.2488310011104,0.22165100017446093,4.531114998826524,3219.6195619999344,19.141739437998694,max_end_to_end_throughput,0.3105957026111585
91,1,0,0,0,0.0,41.56741899896588,1939.850144999582,612.7856410003005,0.1347760007774923,3.048950000447803,2597.718752000219,19.12475905899919,max_end_to_end_throughput,0.38495314368809536
92,2,3,1,0,0.0,40.379423000558745,2209.8266929988313,763.1777799997508,0.1477309997426346,0.9372299991809996,3014.8649889997614,19.54730208699948,max_end_to_end_throughput,0.33168981153340765
93,3,1,0,0,0.0,22.788152000430273,1988.4594270006346,1038.3729390014196,0.13161000060790684,0.9975739994843025,3051.123090999681,19.919687558998703,max_end_to_end_throughput,0.32774816687987385
94,4,0,1,0,0.0,28.545447001306457,2130.6085550004354,620.846232999611,0.11541999992914498,3.0324689996632515,2783.654103999652,19.745629768998697,max_end_to_end_throughput,0.3592400358087468
95,5,2,0,0,0.0,27.18362999985402,1886.1841249999998,1060.8508130007976,0.16069500088633504,2.5621049990149913,2977.223163999952,20.200642661999154,max_end_to_end_throughput,0.3358834541165138
96,6,3,1,0,0.0,21.56586899945978,2195.357985001465,720.722714000658,0.1322110001638066,1.0249070001009386,2939.290891001292,20.26815552900007,max_end_to_end_throughput,0.34021811283174574
97,7,0,0,0,0.0,32.70867200080829,1875.3036790003534,614.4900789986423,0.28312799986451864,3.9146740000433056,2527.110711000205,20.361237479999545,max_end_to_end_throughput,0.39570882100539634
98,8,1,1,0,0.0,23.86592799848586,2030.740001000595,890.4857680008718,0.1242159996763803,0.7640410003659781,2946.426461001465,20.809989297000357,max_end_to_end_throughput,0.3393941824905104
99,0,2,0,0,0.0,35.96341400043457,2148.0485680003767,1073.6855739996827,0.21580999964498915,3.6216779990354553,3261.9179419998545,21.27552524999919,max_end_to_end_throughput,0.3065681043425968
100,1,3,1,0,0.0,38.01047199885943,2194.6786629996495,762.1518720006861,1.5065010011312552,5.059128001448698,3001.8389060005575,21.03581692300031,max_end_to_end_throughput,0.333129135611188
101,2,0,0,0,0.0,27.76813699892955,1820.0034910005343,655.8850910005276,0.15430299936269876,3.0764929997531,2507.30505699903,21.016250414999377,max_end_to_end_throughput,0.39883459621658107
102,3,1,1,0,0.0,22.09052500074904,2003.5066780001216,1034.8331130007864,0.6698819997836836,2.846625000529457,3064.3049129994324,21.84751785899971,max_end_to_end_throughput,0.3263382817283579
103,4,0,0,0,0.0,29.348058000323363,2102.7544059998036,635.8919510003034,0.14731000010215212,3.3742979994713096,2772.019279000233,21.652506647998962,max_end_to_end_throughput,0.3607478517828577
104,5,3,1,0,0.0,34.15907500129833,1873.1016679994354,754.4255290013098,0.21233299958112184,3.4149349994549993,2665.649657999893,21.787409190999824,max_end_to_end_throughput,0.3751430714080883
105,6,2,0,0,0.0,31.300386001021252,2102.717676998509,948.8702919989009,0.168590000612312,3.601880000132951,3087.140960000397,22.224418705000062,max_end_to_end_throughput,0.3239243082699636
106,7,0,1,0,0.0,18.045902001176728,2084.2249679990346,640.6883039999229,0.1227529992320342,3.045322999241762,2746.483597000406,22.292900251999527,max_end_to_end_throughput,0.3641019378714506
107,8,3,0,0,0.0,25.059651999981725,2015.842535000047,769.7662829996261,0.14420399929804262,1.0469079988979502,2812.1721549996437,22.554817214999275,max_end_to_end_throughput,0.3555970064713647
108,0,1,1,0,0.0,25.664910999694257,1899.3112690004637,916.6693240003951,0.1042179992509773,0.7201879998319782,2842.8400730008434,22.76157873000011,max_end_to_end_throughput,0.35176090610838356
109,1,2,0,0,0.0,15.174187999946298,2007.133506000173,981.6489269996964,0.20055099957971834,2.8785159993276466,3007.318434998524,23.205441852998774,max_end_to_end_throughput,0.3325221527465184
110,2,0,1,0,0.0,24.246516999482992,1997.9902249997394,662.8152369994496,0.20452799981285352,3.5145739984727697,2689.155681999182,22.956333643998732,max_end_to_end_throughput,0.37186392989214234
111,3,3,0,0,0.0,21.376464999775635,2174.38178699922,680.7774070002779,0.1467380006943131,2.8710620008496335,2880.082145000415,23.23748596400037,max_end_to_end_throughput,0.3472123188346963
112,4,1,1,0,0.0,26.29267199881724,1924.9787959997775,998.7105969994445,0.28447999829950277,2.9002070004935376,2953.448197000398,23.76272030200016,max_end_to_end_throughput,0.33858728282948286
113,5,0,0,0,0.0,31.198418999338173,1907.8980570011481,610.0265069999296,0.1129849988501519,2.4060889991233125,2552.0188819991745,23.565246836998995,max_end_to_end_throughput,0.39184663054555074
114,6,2,1,0,0.0,32.717322999815224,2139.5312500008004,1033.1930609991105,0.2731490003498038,3.2198440003412543,3209.593458001109,24.239153499000167,max_end_to_end_throughput,0.31156593914008857
115,7,3,0,0,0.0,26.271470998835866,1935.9514419993502,714.3988159987202,0.6014919999870472,3.1670040007156786,2680.7369839989406,23.95269048999944,max_end_to_end_throughput,0.3730317468550265
116,8,0,1,0,0.0,25.979074998758733,1887.2912610004278,590.6217609990563,0.12875500033260323,3.2366860014008125,2507.5823450006283,24.156767565000337,max_end_to_end_throughput,0.39879049315915865
117,0,1,0,0,0.0,24.946633999206824,1950.1734639998176,844.413713000904,0.15171800077951048,0.9589010005583987,2821.1044740000943,24.60516503600047,max_end_to_end_throughput,0.3544710978328577
118,1,3,1,0,0.0,22.57795599871315,2081.8421250005485,753.4389430002193,0.1686510004219599,1.2930350003443891,2859.675845000311,24.703885140999773,max_end_to_end_throughput,0.34968998383097905
119,2,0,0,0,0.0,28.269895001358236,1903.9173279998067,631.116407999798,0.16861000040080398,2.8594699997483985,2566.7400779984746,24.787612557998727,max_end_to_end_throughput,0.3895992463638129
120,3,2,1,0,0.0,21.992543001033482,1923.57257599906,1060.184683999978,0.15450299906660803,0.8196959988708841,3007.0169489990803,25.296918005999032,max_end_to_end_throughput,0.3325554916918115
121,4,1,0,0,0.0,24.30746900063241,2025.6093829993915,1015.3200010008732,0.9564160009176703,3.3058169992727926,3069.8896779995266,25.62370765599917,max_end_to_end_throughput,0.32574460481968964
122,5,3,1,0,0.0,29.91957599988382,1911.398788999577,754.6555249991798,0.18345900025451556,3.2768929995654617,2699.707480000143,25.46061114799886,max_end_to_end_throughput,0.37041050091839844
123,6,0,0,0,0.0,31.635555000320892,1799.7083829995972,621.0969289986679,0.15871100004005712,3.112901000349666,2456.138106999788,25.409037789999275,max_end_to_end_throughput,0.40714322910022194
124,7,2,1,0,0.0,21.68859600169526,2071.2344349994964,1076.1029229997803,0.1461079991713632,0.873038001373061,3170.5153530001553,26.37314202000016,max_end_to_end_throughput,0.31540613706656007
125,8,0,0,0,0.0,20.31236299990269,2150.571565000064,671.955761999925,0.11759300105040893,2.365391999774147,2845.6179759996303,26.08027849499922,max_end_to_end_throughput,0.35141751578537606
126,0,3,1,0,0.0,22.907940001459792,1871.1683860001358,757.9316539995489,0.19378800061531365,3.398183000172139,2655.8676779986854,26.218749493998985,max_end_to_end_throughput,0.37652478257258076
127,1,1,0,0,0.0,21.07697300016298,1838.050539001415,893.5029240001313,0.27287800003250595,3.9412639998772647,2757.383602000118,26.517277437000303,max_end_to_end_throughput,0.3626626339819501
128,2,0,1,0,0.0,24.506916000973433,2103.9018379997287,654.828336000719,0.22986700059846044,3.780437999012065,2787.575095999273,26.736697058999198,max_end_to_end_throughput,0.3587347302087753
129,3,3,0,0,0.0,27.257749999989755,2034.0459819999523,743.0777909994504,0.19455000074231066,2.951565000330447,2807.8926099988166,26.961475857999176,max_end_to_end_throughput,0.35613897641207204
130,4,2,1,0,0.0,23.662613000851707,2112.052816999494,1055.0223929985805,0.13417499940260313,1.002242999675218,3192.3175329993683,27.42834282199874,max_end_to_end_throughput,0.3132520464091934
131,5,1,0,0,0.0,24.651811001604074,1883.9448749986332,1054.3519029997697,0.23031700038700365,3.4470249993319158,2966.9624699999986,27.57121455199922,max_end_to_end_throughput,0.33704504526476214
132,6,0,1,0,0.0,30.603412000345998,1999.0880509994895,551.4983459997893,0.14273099986894522,3.285437998783891,2585.0412319996394,27.287697669999034,max_end_to_end_throughput,0.3868410250564775
133,7,3,0,0,0.0,19.35874899936607,2153.8895330013474,679.9396339993109,0.11555899982340634,3.6249820004741196,2857.2927599998366,27.642095732999223,max_end_to_end_throughput,0.34998163786340786
134,8,0,1,0,0.0,23.604450998391258,1964.2598289992748,658.0353970002761,0.1115809991460992,2.6495709989831084,2648.9752260004025,27.945120103999216,max_end_to_end_throughput,0.3775044742528098
135,0,2,0,0,0.0,26.302973999918322,1994.7058929992636,1104.1036099995836,3.2724639986554394,5.79618399933679,3134.487065999565,28.540460025998982,max_end_to_end_throughput,0.319031464780062
136,1,1,1,0,0.0,21.89054600057716,2087.9143029997067,999.1042760011624,1.1326399999234127,3.637846999481553,3114.132832000905,28.571521740999742,max_end_to_end_throughput,0.3211166812552039
137,2,3,0,0,0.0,30.304593001346802,1987.884086000122,696.0115489982854,0.17126500097219832,2.713021000090521,2717.6394279995293,28.33731031899879,max_end_to_end_throughput,0.3679664011704842
138,3,0,1,0,0.0,21.874124999158084,1842.307000000801,577.0807150001929,0.2514770003472222,4.239068000970292,2446.0291209998104,28.523988181999812,max_end_to_end_throughput,0.40882587677094034
139,4,3,0,0,0.0,24.755215999903157,2093.8172330006637,732.1844119996967,0.1201880004373379,0.8752320009079995,2852.2492829997645,29.067666981000002,max_end_to_end_throughput,0.35060049132461557
140,5,0,1,0,0.0,32.50509899953613,2114.4336750003276,645.7144370015158,0.13883400060876738,2.994716000102926,2796.0964789999707,29.168416537999292,max_end_to_end_throughput,0.35764145032565253
141,6,2,0,0,0.0,24.848982000548858,1992.7708270006406,1119.66402500002,0.2064019990939414,1.0519970001041656,3138.998779000758,29.65242419199967,max_end_to_end_throughput,0.31857291780098473
142,7,1,1,0,0.0,25.44176799892739,1807.9558150002413,1009.6616850005375,0.15940199955366552,1.1674359993776307,2844.8462199994538,29.57786146899889,max_end_to_end_throughput,0.3515128490847537
143,8,3,0,0,0.0,17.809615999794914,2089.862239001377,703.6997739996877,0.26598500153340865,4.528997998932027,2816.6499699982523,29.775237963998734,max_end_to_end_throughput,0.35503169035967236
144,0,0,1,0,0.0,27.45829499872343,1852.9749809986242,649.71832899937,0.13565699919126928,2.9146139986551134,2533.6401789991214,29.818111733999103,max_end_to_end_throughput,0.3946890360710319
145,1,1,0,0,0.0,23.75534400016477,2125.143516001117,1093.8134829993942,0.2515279993531294,1.6744789991207654,3244.970600999295,30.672359120999317,max_end_to_end_throughput,0.30816920180788326
146,2,2,1,0,0.0,24.883296000552946,2058.019649999551,1146.21590599927,0.14404300054593477,0.8658040005684597,3230.6356110002525,30.798466098000063,max_end_to_end_throughput,0.3095366114937318
147,3,3,0,0,0.0,21.233456000118167,2110.377969000183,755.500536000909,0.22338399867294356,4.886226000962779,2892.622291999942,30.53114530200037,max_end_to_end_throughput,0.3457070778876581
148,4,0,1,0,0.0,23.035476999211824,1849.3212779994792,638.8727520006796,0.19141299890179653,4.310934000386624,2516.0000039995793,30.458510001999457,max_end_to_end_throughput,0.39745627917740145
149,5,0,0,0,0.0,26.036304001536337,2093.036682001184,663.8905039999372,0.11969799925282132,2.6247539990436053,2786.069747999136,31.120723051999448,max_end_to_end_throughput,0.35892855902770104
150,6,3,1,0,0.0,32.38031900036731,1973.383337000996,749.872903999858,0.09351699918624945,0.8088750000752043,2757.0590790001006,31.276896209999904,max_end_to_end_throughput,0.36270532162940405
151,7,1,0,0,0.0,31.847517000642256,2104.4621119999647,1045.4376870002307,0.2447950009809574,4.011355000329786,3186.696702001427,31.72025855100037,max_end_to_end_throughput,0.3138045736740315
152,8,2,1,0,0.0,26.31024400034221,2203.5460010010866,1030.1047509983619,0.22907499987923075,1.235936000739457,3261.92286100013,31.829095013999904,max_end_to_end_throughput,0.30656764203595926
153,0,0,0,0,0.0,17.35907900001621,2033.5263310007576,565.1389390004624,0.1170920004369691,2.575579999756883,2619.029343000875,31.685864955999932,max_end_to_end_throughput,0.3818208462125145
154,1,3,1,0,0.0,20.624949000193737,2089.576342001237,680.1719769991905,0.2423999994789483,1.4763629988010507,2792.4755700005335,31.957947917999263,max_end_to_end_throughput,0.3581051919461587
155,2,0,0,0,0.0,31.79874200031918,2074.343850999867,635.2436100005434,0.1078650002455106,2.624693001052947,2744.4550189993606,32.32120073999977,max_end_to_end_throughput,0.3643710656859678
156,3,1,1,0,0.0,22.83702800013998,2041.4604559991858,1063.3566040014557,0.21294499856594484,3.385227000762825,3131.6264800007048,32.78305716599971,max_end_to_end_throughput,0.3193228842539915
157,4,2,0,0,0.0,31.69338300176605,2024.6925279989227,1102.2336629994243,0.12356499973975588,0.7301059995370451,3159.983352999916,32.93079140699956,max_end_to_end_throughput,0.31645736331194735
158,5,3,1,0,0.0,32.61598399876675,2108.1162619993847,672.0628820003185,0.2913430016633356,1.486151999415597,2814.939649000735,32.63018750599986,max_end_to_end_throughput,0.35524740303224134
159,6,0,0,0,0.0,29.38546900077199,1834.353698999621,619.0466089992697,0.1447850008844398,4.221825000058743,2487.64459099948,32.9419253039996,max_end_to_end_throughput,0.4019866839572217
160,7,3,1,0,0.0,32.52730399981374,2069.1596910000953,738.6392999997042,0.1220620015374152,1.4241830012906576,2842.350618000637,33.36868271200001,max_end_to_end_throughput,0.3518214796116247
161,8,1,0,0,0.0,34.81378499964194,2073.436523000055,1084.3323019998934,0.6293340011325199,2.983403001053375,3196.7528170007427,33.867516518999764,max_end_to_end_throughput,0.3128174298249997
162,0,2,1,0,0.0,29.744480998488143,2102.35193400149,1105.3509450011916,0.6049790008546552,3.156994000164559,3241.4988309992623,34.039145352999185,max_end_to_end_throughput,0.3084992628831917
163,1,0,0,0,0.0,25.545018001139397,1793.6716450003587,689.6826550000696,0.13800200031255372,2.820424000674393,2512.1104950012523,33.630253027000435,max_end_to_end_throughput,0.3980716620506382
164,2,3,1,0,0.0,24.272250000649365,2066.4719230007904,675.1697059989965,0.1647830013098428,4.087620000063907,2770.491409999522,34.04662069400001,max_end_to_end_throughput,0.36094679679955133
165,3,0,0,0,0.0,22.474286999567994,1921.2695820006047,667.6642669990542,0.5567970001720823,3.4733630000118865,2615.711063999697,34.299040976999095,max_end_to_end_throughput,0.3823052223783826
166,4,1,1,0,0.0,27.27498100102821,2119.8301879994688,969.8828679993312,0.20334599867055658,1.1016810003638966,3118.818711000131,34.83515464499942,max_end_to_end_throughput,0.32063421848566626
167,5,2,0,0,0.0,28.545383000164293,2178.501714999584,1138.6151340011565,0.15054599862196483,0.7924450001155492,3347.0558270000765,35.17498244299895,max_end_to_end_throughput,0.2987700390095636
168,6,3,1,0,0.0,30.73410799879639,2054.625157999908,726.6953240014118,0.14163900050334632,0.8689799997227965,2813.606895999328,34.77015127899904,max_end_to_end_throughput,0.3554156770876207
169,7,0,0,0,0.0,28.716546001305687,1947.4866040000052,603.3524989998114,0.14313099927676376,2.9830620005668607,2582.926506000149,34.90154276999965,max_end_to_end_throughput,0.3871577443945834
170,8,3,1,0,0.0,22.83507999891299,2117.0391230007226,734.7330760003388,0.1486430010118056,1.027559999783989,2876.326051999058,35.50510369099902,max_end_to_end_throughput,0.34766573118683675
171,0,1,0,0,0.0,27.58205200007069,2026.2173379996966,996.039498000755,0.14918300075805746,2.189255999837769,3052.585471999919,35.832311995000055,max_end_to_end_throughput,0.32759115483336304
172,1,0,1,0,0.0,27.94425999854866,1940.1271560000168,656.3460199995461,0.15098599942575675,2.828049000527244,2627.7023530001316,35.55780905999927,max_end_to_end_throughput,0.38056060605885145
173,2,2,0,0,0.0,40.64905899940641,2195.3211200016085,989.7236300002987,0.22867400002724025,2.6032109999505337,3228.9179589988635,36.16666860799887,max_end_to_end_throughput,0.3097012722831934
174,3,3,1,0,0.0,23.165095000877045,2113.186090999079,748.9776179991168,0.28705499971692916,3.993951999291312,2889.9941809995653,36.25729394799964,max_end_to_end_throughput,0.34602145795813644
175,4,0,0,0,0.0,27.07888499935507,1900.0241670000833,625.2622149986564,0.20874699839623645,4.399901999931899,2557.285567998406,36.1847671839987,max_end_to_end_throughput,0.3910396290949636
176,5,1,1,0,0.0,26.939660998323234,1938.6622260008153,888.5757259995444,0.15560499923594762,1.3716140001633903,2856.0011749996193,36.720139390999975,max_end_to_end_throughput,0.35013991196979577
177,6,2,0,0,0.0,31.460373000300024,2096.6280859993276,1080.953889999364,0.18235599964100402,2.2436290000769077,3211.7595670006267,37.24730406399976,max_end_to_end_throughput,0.31135580953024833
178,7,0,1,0,0.0,34.374804999970365,2102.8366099999403,652.7935060003074,0.18536199968366418,3.8904749999346677,2794.4967880011973,36.83709418400031,max_end_to_end_throughput,0.3578461797822512
179,8,3,0,0,0.0,24.119947000144748,1933.5346480002045,740.9708300001512,0.13122899872541893,3.5027390003961045,2702.5503350014333,36.99772607500017,max_end_to_end_throughput,0.3700208603143259
180,0,1,1,0,0.0,19.074770001680008,1929.945203999523,975.5736180013628,0.3312480002932716,3.7490459999389714,2929.020405999836,37.69835107699873,max_end_to_end_throughput,0.34141107311905017
181,1,0,0,0,0.0,23.119868999856408,1975.4156689996307,648.7721760004206,0.12126000001444481,3.1451600007130764,2651.0070559997985,37.48512481299986,max_end_to_end_throughput,0.37721514084120794
182,2,3,1,0,0.0,28.900482000608463,2066.325316000075,711.849216999326,0.12021799921058118,3.723718000401277,2811.3423949998833,37.709949321999375,max_end_to_end_throughput,0.35570195995285075
183,3,2,0,0,0.0,19.972434000010253,2050.4525169999397,1046.5521460009768,0.12581800001498777,0.7721050005784491,3118.1569559994387,38.292393482999614,max_end_to_end_throughput,0.3207022655084653
184,4,0,1,0,0.0,21.54363499903411,1955.8539259996905,604.098724999858,0.11963799988734536,2.321486999790068,2584.3218010013516,38.08845039100015,max_end_to_end_throughput,0.3869487149829902
185,5,1,0,0,0.0,26.316455001506256,2112.7537289994507,931.8704939996678,0.20123199828958604,1.1544610006239964,3072.604004999448,38.62762836799993,max_end_to_end_throughput,0.3254568432420499
186,6,3,1,0,0.0,22.083701000155997,1853.6731570002303,739.1203560000577,0.19165300000167917,1.0248849994241027,2616.3511119993927,38.44651156299915,max_end_to_end_throughput,0.3822116975866472
187,7,0,0,0,0.0,35.83922200050438,1885.659122999641,637.2345780000614,0.2320299990969943,4.035079000459518,2563.4487040006206,38.727574024000205,max_end_to_end_throughput,0.39009947748880636
188,8,2,1,0,0.0,33.925639998415136,2076.744277999751,1005.5282900011662,0.5047180002293317,3.5579930008680094,3120.7567090004886,39.30119288199967,max_end_to_end_throughput,0.32043510380540957
189,0,3,0,0,0.0,29.945753998617874,2161.629535999964,714.8731319994113,0.16659600078128278,3.4441879997757496,2910.4749360012647,39.16385535500012,max_end_to_end_throughput,0.34358653552739804
190,1,1,1,0,0.0,23.527059000116424,1883.565546000682,975.815325999065,0.13135900007910095,1.1894379986188142,2884.668853999756,39.60349081399909,max_end_to_end_throughput,0.3466602409539811
191,2,0,0,0,0.0,36.17855399897962,1853.5560910004278,629.4521220006573,0.25718800134200137,3.6825389997829916,2523.5467919992516,39.35681271999965,max_end_to_end_throughput,0.3962676670670177
192,3,3,1,0,0.0,26.924638001219137,2138.699502000236,758.5387189992616,0.1730679996398976,0.8760420005273772,2925.628601000426,39.91990067000006,max_end_to_end_throughput,0.3418068854187601
193,4,2,0,0,0.0,23.615666999830864,2028.2845769997948,1040.280855000674,0.1492729988967767,0.7728170003247214,3093.4161330005736,40.33852392799963,max_end_to_end_throughput,0.32326720913232354
194,5,0,1,0,0.0,26.492265998967923,1844.1069149994291,683.8547990009829,0.1485819993831683,2.886268001020653,2557.840819001285,40.03988298100012,max_end_to_end_throughput,0.3909547429892265
195,6,1,0,0,0.0,26.631180000549648,1880.5514550003863,888.4924169997248,0.24283099992317148,3.0898940003680764,2799.4060829987575,40.49406506199921,max_end_to_end_throughput,0.3572186279343896
196,7,3,1,0,0.0,25.56583699879411,2186.705203999736,739.0644490005798,0.2331830000912305,4.168642000877298,2956.1252610001247,40.662394207000034,max_end_to_end_throughput,0.33828065853396116
197,8,0,0,0,0.0,20.682939000835177,1929.7631489989726,658.4621309993963,0.15427300058945548,3.645669999968959,2613.0023089990573,40.69918186999894,max_end_to_end_throughput,0.3827015370618108
198,0,2,1,0,0.0,21.619486000417965,2024.1039369993814,1105.767304999972,0.24083700009214226,3.7639239999407437,3155.784616999881,41.44745041900023,max_end_to_end_throughput,0.3168784062806773
199,1,1,0,0,0.0,25.225639999916893,2019.7393059988826,993.7819269998727,0.7112900002539391,2.9078090010443702,3042.724242000986,41.48826866899981,max_end_to_end_throughput,0.3286528520055338
200,2,3,1,0,0.0,29.535130999647663,2001.6209969999181,728.8624599987088,0.21180200019443873,3.3990819993050536,2764.006897999934,41.39054336399931,max_end_to_end_throughput,0.3617935978103423
201,3,0,0,0,0.0,23.969425999894156,1947.3373279997759,593.7395349992585,0.18466100118530449,3.7855749997106614,2569.5345379990613,41.29316541799926,max_end_to_end_throughput,0.3891755433568589
202,4,0,1,0,0.0,30.83770299963362,2097.658496000804,668.9443359991856,0.821890000224812,3.654666001239093,2802.2489710001537,41.96270610600004,max_end_to_end_throughput,0.35685622881791584
203,5,3,0,0,0.0,26.655391999156564,2062.1309779999137,758.1072209995909,0.13489600132743362,0.9103979991778033,2848.4285960003035,42.14616439599922,max_end_to_end_throughput,0.35107076280731647
204,6,2,1,0,0.0,26.321598999857088,2063.573110001016,1131.4238220002153,0.42523699994490016,5.53428300008818,3228.2081869998365,42.58141093499944,max_end_to_end_throughput,0.3097693649458707
205,7,1,0,0,0.0,25.182026998663787,1856.845730000714,1063.0249170008028,0.253640999289928,5.425747000117553,2951.1153690000356,42.553467150999495,max_end_to_end_throughput,0.338854932783886
206,8,0,1,0,0.0,20.062038998730714,2018.8209520001692,576.0942600009002,0.23821300055715255,3.8560590000997763,2619.4350119985756,42.538514292999025,max_end_to_end_throughput,0.38176171404115894
207,0,3,0,0,0.0,21.160001999305678,2086.672727000405,723.4923319992959,0.23507599871663842,3.8248689997999463,2835.697710999739,42.87274087199876,max_end_to_end_throughput,0.3526468974887472
208,1,0,1,0,0.0,19.528675000401563,2176.889280000978,679.5574030002172,0.2437029997963691,2.9701570001634536,2879.497421999986,43.21729168499951,max_end_to_end_throughput,0.347282825245747
209,2,1,0,0,0.0,29.48551299959945,2027.0010240001284,985.5927850003354,1.0307360007573152,2.6817690013558604,3046.1516290015425,43.53718587900039,max_end_to_end_throughput,0.3282830672246531
210,3,2,1,0,0.0,26.767413999550627,1889.9367449994315,1113.7534590016003,0.2791599999909522,3.4405290007271105,3034.7407560002466,43.693070839999564,max_end_to_end_throughput,0.32951743835871783
211,4,3,0,0,0.0,30.697443000462954,2142.133917999672,652.4220000010246,0.1783480001904536,1.2946570004714886,2827.095057000406,43.52268539999932,max_end_to_end_throughput,0.35371997751678586
212,5,0,1,0,0.0,26.684966000175336,1897.6036300009582,647.6385130008566,0.7702719994995277,4.142702000535792,2577.299975000642,43.866737637999904,max_end_to_end_throughput,0.3880029525859716
213,6,3,0,0,0.0,27.713198000128614,2105.901132999861,772.3336270009895,0.17918000048666727,1.75461999970139,2908.3396070000163,44.29554886299957,max_end_to_end_throughput,0.34383879984067983
214,7,1,1,0,0.0,28.458142000090447,2060.770627000238,1066.1987040002714,0.21535799896810204,4.1034380010387395,3160.2820260013686,44.604055386000255,max_end_to_end_throughput,0.31642745545253653
215,8,2,0,0,0.0,28.627342000618228,2175.5646220008202,1067.2123379990808,0.257298001088202,1.2074610003764974,3273.2569279996824,44.758141964999595,max_end_to_end_throughput,0.30550611271786393
216,0,0,1,0,0.0,28.35935400071321,1874.6333879989834,599.5958429994062,0.1611360003153095,4.090362001079484,2507.2363250001217,44.465749783999854,max_end_to_end_throughput,0.3988455296490455
217,1,3,0,0,0.0,14.919044999260223,2133.133884999552,756.7715440000029,0.3267600004619453,3.906243000528775,2909.4137730007787,45.0547185180003,max_end_to_end_throughput,0.3437118533224639
218,2,0,1,0,0.0,41.50633399876824,1884.8477250012365,648.6018030009291,0.13309200039657298,2.6277570013917284,2578.201311000157,45.112927615000444,max_end_to_end_throughput,0.3878673072321384
219,3,1,0,0,0.0,46.327043000928825,2004.8035609997896,959.3412579997675,0.2576789993327111,4.112403999897651,3015.3714299995045,45.56353552699875,max_end_to_end_throughput,0.33163410319907566
220,4,2,1,0,0.0,34.326566999880015,2145.273838999856,1032.3958060016594,0.2868249994207872,3.818567000053008,3216.495771001064,45.79325971700018,max_end_to_end_throughput,0.31089734642765343
221,5,3,0,0,0.0,24.82276000046113,2156.246721999196,707.1424339992518,0.3427299998293165,5.068208000011509,2894.1384940007993,45.76316499600034,max_end_to_end_throughput,0.3455259663878835
222,6,0,1,0,0.0,17.466449000494322,1877.8418090005289,619.8470189992804,0.24300100085383747,3.868852001687628,2519.7908750014903,45.73419578100038,max_end_to_end_throughput,0.3968583305546769
223,7,1,0,0,0.0,23.76379900124448,2013.4176049996313,1072.1093140000448,0.9031339995999588,3.2886410008359235,3114.0982220003934,46.63557558899993,max_end_to_end_throughput,0.321120250137015
224,8,0,1,0,0.0,30.235872000048403,2164.879635000034,704.6665739999298,0.21049899987701792,3.2721290008339565,2903.7638070003595,46.43834560399955,max_end_to_end_throughput,0.34438062682275045
225,0,3,0,0,0.0,25.830821999988984,2041.9261780007218,752.4236299996119,0.3112209997198079,3.9327430004050257,2824.8429269988264,46.514541717999236,max_end_to_end_throughput,0.3540019837713318
226,1,2,1,0,0.0,28.27672400053416,1898.5769039991283,1086.7469780005194,0.09891800073091872,1.0387919992354,3015.093230000275,46.87712916499913,max_end_to_end_throughput,0.33166470278595955
227,2,0,0,0,0.0,29.467493000993272,2111.1638599995786,709.9134619984397,0.26927100043394603,3.8769270013290225,2855.157126999984,47.14900424000007,max_end_to_end_throughput,0.3502434211215324
228,3,3,1,0,0.0,33.237757001188584,2015.0301630001195,769.9245420008083,0.16292999862344004,1.2422769996192073,2820.0270639990777,47.28174386399951,max_end_to_end_throughput,0.35460652586145786
229,4,1,0,0,0.0,29.244598999866867,2001.8666979995032,943.7348390001716,0.24975399901450146,3.269464001277811,2978.7526890013396,47.578772396000204,max_end_to_end_throughput,0.33571098523632764
230,5,2,1,0,0.0,29.001568000239786,2089.5596829996066,874.9689050000597,0.48623300062899943,5.657776000589365,3000.151320000441,47.7571805839998,max_end_to_end_throughput,0.33331652084797275
231,6,0,0,0,0.0,21.854044000065187,2071.7534220002563,594.6751849987777,0.1791399990906939,3.6855140006082365,2692.5701969994407,47.74347708099958,max_end_to_end_throughput,0.3713923600262622
232,7,3,1,0,0.0,22.115228999609826,2147.629822999079,734.4617969993124,0.11482700028864201,0.9964010005205637,2905.632464999144,48.015980874999514,max_end_to_end_throughput,0.34415915021802135
233,8,1,0,0,0.0,25.570395999238826,1989.665993998642,1070.0293330010027,0.12397499995131511,0.9612640005798312,3086.9157830002223,48.64646801100025,max_end_to_end_throughput,0.3239479371309846
234,0,0,1,0,0.0,32.591319000857766,1976.2431039998773,690.6574959994032,0.17327900059171952,3.7606659989251057,2703.88090599954,48.43428104399936,max_end_to_end_throughput,0.36983877425264455
235,1,2,0,0,0.0,35.360443998797564,1957.0932520000497,984.0334319997055,0.12647000039578415,0.921388998904149,2977.9512859986426,48.736271767998915,max_end_to_end_throughput,0.335801329155945
236,2,3,1,0,0.0,31.833540000661742,2193.1600390016683,677.2543400002178,0.26398100089863874,3.781676001381129,2906.7208070009656,48.69623222100017,max_end_to_end_throughput,0.3440302892494717
237,3,0,0,0,0.0,28.060828999514342,1966.8679400001565,671.1261070013279,0.10464799925102852,2.4126179996528663,2668.9423659991007,49.10406712799886,max_end_to_end_throughput,0.37468025264968835
238,4,1,1,0,0.0,25.152030000754166,2108.978374999424,1089.220314999693,0.6354359993565595,3.4985390011570416,3228.181817999939,49.73886923200007,max_end_to_end_throughput,0.3097718952582301
239,5,3,0,0,0.0,26.23991499967815,2033.8940659985383,767.6424189994577,0.15969299965945538,3.3565389985596994,2831.7551799991634,49.463437430998965,max_end_to_end_throughput,0.3531378726039076
240,6,2,1,0,0.0,23.215866000100505,1835.5708020008024,1034.0397759991902,0.2965730000141775,4.315469001085148,2897.769313000026,49.77394349499991,max_end_to_end_throughput,0.34509303260055296
241,7,0,0,0,0.0,21.89213400015433,1934.0213579998817,565.122366999276,0.881602998560993,3.8694830000167713,2526.278978000846,49.67148792599983,max_end_to_end_throughput,0.39583910118721066
242,8,3,1,0,0.0,20.405109999046545,2158.640450999883,754.949072999807,0.2779570004349807,3.9061420011421433,2938.5643960013113,50.21912116800013,max_end_to_end_throughput,0.34030222422920614
243,0,0,0,0,0.0,27.098031001514755,2063.670743998955,653.680023000561,0.1812839982449077,3.7461690008058213,2748.837066001215,50.32441629300047,max_end_to_end_throughput,0.36379020509015425
244,1,1,1,0,0.0,32.44652099965606,1962.3182200011797,1046.1958659998345,0.1540829998702975,3.1145599987212336,3044.6726609989128,50.784532837998995,max_end_to_end_throughput,0.32844253269312523
245,2,2,0,0,0.0,36.48561500085634,1980.9151959998417,958.3160369984398,0.20452799981285352,3.300852999018389,2979.664939999566,50.731254083999374,max_end_to_end_throughput,0.3356082043238545
246,3,3,1,0,0.0,25.092346000747057,2174.6409330007737,712.575844998355,0.15740899834781885,2.8705770000669872,2915.6139949991484,50.93064158099878,max_end_to_end_throughput,0.3429809301626336
247,4,0,0,0,0.0,26.54813600020134,1862.9589499996655,642.5268090006284,0.1787290002539521,3.600422000090475,2536.287736998929,50.96686891999889,max_end_to_end_throughput,0.3942770315103338
248,5,2,1,0,0.0,30.690466999658383,2051.250769000035,984.564042000784,0.2771759991446743,3.675103998830309,3070.8082919991284,51.71636207799929,max_end_to_end_throughput,0.3256471602624824
249,6,1,0,0,0.0,24.91182099947764,2063.375170000654,1167.059153000082,0.4606549991876818,3.7189970007602824,3260.0774120001006,51.952609220999875,max_end_to_end_throughput,0.3067411823777788
250,7,3,1,0,0.0,25.266484000894707,2166.7494229986914,745.445419999669,0.20073099949513562,3.7586719990940765,2941.7013820002467,51.67709608499899,max_end_to_end_throughput,0.33993933106834845
251,8,0,0,0,0.0,18.241825000586687,1842.956956001217,612.5079140001617,0.10679200022423174,0.8017709988052957,2474.883446999229,51.576581919998716,max_end_to_end_throughput,0.4040594320562812
252,0,0,1,0,0.0,27.71510999991733,2087.4592820000544,679.1468669998721,0.14296100016508717,1.2690479998127557,2796.139979000145,52.256279621999056,max_end_to_end_throughput,0.35763588643998573
253,1,3,0,0,0.0,28.172798000014154,1977.6614699985657,778.8728359992092,0.12158000026829541,0.8287129985546926,2786.0782070001733,52.45303574599893,max_end_to_end_throughput,0.3589274692603551
254,2,2,1,0,0.0,36.00893700058805,1940.54651100123,1020.6273639996652,0.21228200057521462,2.1975189993099775,3000.075571000707,52.73554384899944,max_end_to_end_throughput,0.3333249367669893
255,3,1,0,0,0.0,24.728250999032753,2153.6642459996074,982.1894020005857,0.2129339991370216,1.2411349998728838,3162.481803999981,52.932229517999076,max_end_to_end_throughput,0.3162073529514626
256,4,0,1,0,0.0,24.732379999477416,2014.3165820009017,601.3476900006935,0.22066900055506267,3.975724001065828,2645.1453620011307,52.86048144800043,max_end_to_end_throughput,0.37805105699123864
257,5,3,0,0,0.0,26.938123999570962,2103.968960000202,716.4471520009101,0.09729500015964732,1.342797999313916,2849.2728359997272,53.17001682099908,max_end_to_end_throughput,0.3509667404838501
258,6,2,1,0,0.0,22.00131700010388,1982.733532999191,951.9381660011277,0.1253080008609686,1.1365259997546673,2958.3807660001185,53.68640322799911,max_end_to_end_throughput,0.3380227493001352
259,7,0,0,0,0.0,22.782277999795042,2051.8164509994676,648.569081999085,0.146037000376964,3.4315209995838813,2727.062650999869,53.508533008000086,max_end_to_end_throughput,0.36669491243017577
260,8,1,1,0,0.0,19.6770659986214,1982.9771849999815,987.6036929999827,0.2149680003640242,3.6510469999484485,2994.534769000893,53.92236133799997,max_end_to_end_throughput,0.3339416894911003
261,0,3,0,0,0.0,31.461977001526975,2173.430062999614,694.0466699998069,0.13643900092574768,1.5189320001809392,2901.001432999692,53.86432805199911,max_end_to_end_throughput,0.3447085508558265
262,1,0,1,0,0.0,23.962556000697077,1904.956308000692,655.3184949989372,0.11226300011912826,3.396464000616106,2588.019456999973,54.1638457629997,max_end_to_end_throughput,0.38639585853778624
263,2,2,0,0,0.0,30.56422200097586,1980.7630849991256,878.0038479999348,0.12185199921077583,0.7249560003401712,2890.6477130003623,54.564046732999486,max_end_to_end_throughput,0.3459432277072757
264,3,3,1,0,0.0,24.53910099939094,2125.047370000175,701.3610460016935,0.07754699981887825,2.593440000055125,2854.0115889991284,54.56675935899875,max_end_to_end_throughput,0.35038400119135094
265,4,1,0,0,0.0,27.973406000455725,1941.1458200011111,1065.915187000428,0.19009000061487313,1.0480590008228319,3036.7472340003587,54.98575813699972,max_end_to_end_throughput,0.32929971543357034
266,5,0,1,0,0.0,26.163391999943997,1878.8240570011112,629.757201000757,0.1553050005895784,4.010538999864366,2539.249065999684,54.794315535998976,max_end_to_end_throughput,0.3938172168259939
267,6,2,0,0,0.0,17.94363500084728,2092.7820409997366,980.6518099994719,0.2002099990932038,3.1392860000778455,3095.004176000657,55.54725435100045,max_end_to_end_throughput,0.32310134110778266
268,7,3,1,0,0.0,20.29939500062028,1810.1433490010095,797.793253999771,0.2309480005351361,3.9359270012937486,2632.698805000473,55.36608908800008,max_end_to_end_throughput,0.3798383613425997
269,8,0,0,0,0.0,27.228941999055678,1905.913373999283,606.7055749990686,0.1185750006698072,2.821482999934233,2543.2757750004384,55.39986212199983,max_end_to_end_throughput,0.39319369524519127
270,0,1,1,0,0.0,30.876943999828654,2022.2150869994948,921.3386999999784,0.13179000052332412,0.6900089992996072,2975.6991470003413,55.906748375999086,max_end_to_end_throughput,0.33605547825896703
271,1,3,0,0,0.0,19.087536000370164,2173.7792610001634,799.948254998526,0.18282699966221116,4.378976998850703,2997.7884359996096,56.166508676999,max_end_to_end_throughput,0.3335792439490651
272,2,0,1,0,0.0,25.79133299877867,1865.6953200006683,702.87183399887,0.1331330004177289,3.9157789997261716,2598.7377750007,56.1038917019996,max_end_to_end_throughput,0.3848021949808809
273,3,2,0,0,0.0,25.821089999226388,1832.5494969994907,874.6646080016944,0.14869199912936892,2.6975279997714097,2736.199778999435,56.4215173169996,max_end_to_end_throughput,0.3654703898725103
274,4,1,1,0,0.0,32.167231000130414,2010.4673100013315,1016.169311998965,0.19396800053073093,1.2487790008890443,3060.7151270014583,56.92361034100031,max_end_to_end_throughput,0.32672103038210115
275,5,0,0,0,0.0,27.59575599884556,2153.092108999772,640.2391339997848,0.13606799984700046,2.506795999579481,2824.0066830003343,56.74278469199999,max_end_to_end_throughput,0.3541068107309014
276,6,3,1,0,0.0,25.361497999256244,1975.9199560012348,699.7952169986092,0.2124129987350898,3.8766550005675526,2705.412486999194,56.865903383999466,max_end_to_end_throughput,0.36962940209874845
277,7,2,0,0,0.0,35.92353500062018,1819.1928730011568,822.2670349987311,0.9292129998357268,2.859614998669713,2681.4505989987083,57.24481674999879,max_end_to_end_throughput,0.37293247183946415
278,8,0,1,0,0.0,39.64217000066128,2136.118370000986,673.6425979997875,0.1239949997398071,3.15589700039709,2852.911343999949,57.41711790999943,max_end_to_end_throughput,0.35051912920572614
279,0,3,0,0,0.0,25.63932399971236,2045.5549670004984,774.3026609987282,0.16491300084453542,1.1171490004926454,2847.1294200007833,57.63748995199967,max_end_to_end_throughput,0.3512309601998089
280,1,1,1,0,0.0,20.390386000144645,1916.6076489982515,996.5583630000765,0.49655200018605683,2.8854949996457435,2937.4230329995044,57.92219397699955,max_end_to_end_throughput,0.3404344518191053
281,2,2,0,0,0.0,28.43059800034098,1850.0074250005127,900.9294510015025,0.16661600056977477,1.0183819995290833,2781.0328739997203,58.143258281999806,max_end_to_end_throughput,0.3595786333017294
282,3,0,1,0,0.0,23.99619500101835,1992.5641840000026,607.6838209992275,0.14829099927737843,3.0175749998306856,2627.6659319992177,58.02474573499967,max_end_to_end_throughput,0.3805658808534942
283,4,3,0,0,0.0,30.241193000620115,2061.4737140003854,722.5771979992714,0.16334999963873997,1.19716100016376,2816.048607999619,58.36022401799892,max_end_to_end_throughput,0.35510750672388086
284,5,1,1,0,0.0,26.368966000518412,1986.1520760005078,1080.6323710003198,0.390180000977125,3.6328419992059935,3097.453663000124,59.00355945899901,max_end_to_end_throughput,0.322845830413948
285,6,0,0,0,0.0,26.297561000319547,1895.0364030006313,674.3619230001059,0.1160100000561215,2.591336000477895,2598.6881329990865,58.698714100999496,max_end_to_end_throughput,0.3848095457479628
286,7,2,1,0,0.0,25.21051800067653,1954.2160040000454,862.8191130010237,0.2102390008076327,3.545596000549267,2846.5320080013043,59.00874346300043,max_end_to_end_throughput,0.35130467431566004
287,8,3,0,0,0.0,22.621796999374055,1917.1032770009333,664.4260909997683,0.5130629997438518,4.179237999778707,2609.200241999133,59.028071578999516,max_end_to_end_throughput,0.383259201000922
288,0,0,1,0,0.0,19.1527250008221,1936.2896399998135,651.1665140005789,0.8111779989121715,4.061705001731752,2611.774648001301,59.352102499000466,max_end_to_end_throughput,0.3828814253807329
289,1,1,0,0,0.0,25.749329999598558,2111.39785100022,1122.8021059996536,0.21832399943377823,3.2154499986063456,3263.8243269993836,60.12591411599897,max_end_to_end_throughput,0.3063890393020497
290,2,2,1,0,0.0,33.75551800127141,2048.4865290000016,1050.1870879998023,0.11759300105040893,2.9825679994246457,3135.9182329997566,60.05834546999904,max_end_to_end_throughput,0.31888586554229764
291,3,3,0,0,0.0,25.810916000409634,1755.814812000608,755.7562099991628,0.16217799930018373,0.9694489999674261,2539.0022120009235,59.780330954999954,max_end_to_end_throughput,0.3938555056286955
292,4,0,1,0,0.0,26.802386000781553,1906.1472230005165,546.3878709997516,0.1505860000179382,3.100562000327045,2482.9181130007782,59.89693972900022,max_end_to_end_throughput,0.4027519050120549
293,5,3,0,0,0.0,18.834110000170767,2123.580726,753.0637759991805,0.1358780009468319,0.9700099999463418,2896.9918109996797,60.533428394999646,max_end_to_end_throughput,0.34518564954276654
294,6,0,1,0,0.0,25.345042000481044,1949.1779190011584,677.0425330014405,0.28791600016120356,4.1074010005104356,2656.219651998981,60.57520905899946,max_end_to_end_throughput,0.3764748895097714
295,7,2,0,0,0.0,26.871317000768613,2006.2778440005786,953.0794639995293,0.15101600001798943,0.9535480003250996,2987.7023710014328,61.0094826200002,max_end_to_end_throughput,0.3347053607835827
296,8,1,1,0,0.0,27.186625000467757,1952.7491589997226,984.7858859993721,0.17851899974630214,2.685755000129575,2967.925818000367,61.1102215739993,max_end_to_end_throughput,0.3369356450673513
297,0,3,0,0,0.0,19.66989399988961,2153.1906410000374,744.0217580005992,0.21250299869279843,3.840214001684217,2921.38406200138,61.280468167000436,max_end_to_end_throughput,0.3423035036738445
298,1,0,1,0,0.0,19.716994000191335,1854.7588649998943,645.3509880011552,0.1795110001694411,4.151454999373527,2524.519548000171,61.220688990999406,max_end_to_end_throughput,0.39611497593360373
299,2,2,0,0,0.0,39.78567399826716,1968.2714350001334,948.9755829999922,0.18863699915527832,4.434742999364971,2962.0419849998143,61.96205132899922,max_end_to_end_throughput,0.33760493776392664
300,3,1,1,0,0.0,35.16129200033902,2066.6049559986277,1158.474940000815,0.13726099859923124,0.9686370012786938,3261.7477950007014,62.267019120999976,max_end_to_end_throughput,0.30658409627277294
301,4,0,0,0,0.0,24.58746299998893,2151.1701960007485,647.1796660007385,0.15254999925673474,4.352916999778245,2827.8526390004117,61.868109985000046,max_end_to_end_throughput,0.3536252159000335
302,5,3,1,0,0.0,30.69842399963818,1897.90216000074,723.8257400003931,0.21811399892612826,3.975530999014154,2657.088958998429,62.004545353998765,max_end_to_end_throughput,0.37635172003309325
303,6,0,0,0,0.0,18.33160400019551,2065.5732359991816,689.4277070005046,0.21807300072396174,2.8493450008681975,2776.7611409999517,62.55617840299965,max_end_to_end_throughput,0.3601318043653858
304,7,2,1,0,0.0,19.988227000794723,2043.2410819994402,993.9334530008637,0.1153089997387724,0.83935200018459,3058.5029249996296,62.95239686599962,max_end_to_end_throughput,0.32695734629716633
305,8,3,0,0,0.0,26.83932400032063,1917.8823469992494,736.0647419991437,0.20827499974984676,1.4169280002533924,2682.727633999093,62.73814082199897,max_end_to_end_throughput,0.3727549481082872
306,0,1,1,0,0.0,26.64609600105905,2116.032324000116,946.7148820003786,0.22083899966673926,3.108606000751024,3093.254737001189,63.216027634000056,max_end_to_end_throughput,0.32328407616679766
307,1,0,0,0,0.0,22.69010099917068,1997.6637920008216,582.5751169995783,0.18003199875238352,4.1473259989288636,2607.5897499995335,63.14009673699911,max_end_to_end_throughput,0.38349590843428455
308,2,3,1,0,0.0,27.6406719985971,2137.3217330001353,722.7988049999112,0.14154900054563768,1.4206949999788776,2889.7555929997907,63.46094866400017,max_end_to_end_throughput,0.34605002666053236
309,3,2,0,0,0.0,26.274670999555383,1916.2841199995455,934.0471719988273,0.1491329985583434,2.49909000012849,2879.611513000782,63.88819342500028,max_end_to_end_throughput,0.34726906580461653
310,4,0,1,0,0.0,27.49636900080077,2000.4097300006833,645.9621940011857,0.11762299982365221,2.5399780006409856,2676.8776110002364,63.78446899499977,max_end_to_end_throughput,0.3735695632443734
311,5,1,0,0,0.0,36.45112400045036,1959.2850919998455,959.6466439998039,0.5345940007828176,5.42089300142834,2962.314469001285,64.17891638800029,max_end_to_end_throughput,0.33757388368600183
312,6,3,1,0,0.0,31.58759699908842,2150.65949000018,701.9900380000763,0.1480409991927445,1.0004380001191748,2885.8881080013816,64.16258746600033,max_end_to_end_throughput,0.3465137810531916
313,7,0,0,0,0.0,27.466860999993514,1890.2345770002285,688.6039370001527,0.1139859996328596,3.0654750007670373,2609.8368729999493,64.4736435449995,max_end_to_end_throughput,0.383165710602641
314,8,2,1,0,0.0,33.696898999551195,1893.7123019986757,925.9513609995338,0.2590809999674093,4.019564001282561,2858.1832199997734,64.81586194400006,max_end_to_end_throughput,0.34987260193910147
315,0,3,0,0,0.0,30.215423999834456,2130.2313180003694,726.7422249988158,0.17544299953442533,3.5675159997481387,2891.4726929997414,64.89209809099884,max_end_to_end_throughput,0.3458445249789151
316,1,1,1,0,0.0,28.73604799970053,1877.9146569995646,1066.5406230000372,0.16816899915284012,1.0712820003391244,2974.7847100006766,65.24088304500037,max_end_to_end_throughput,0.3361587803776807
317,2,0,0,0,0.0,26.36029999848688,1890.462782999748,611.1063120006293,0.19934800002374686,3.190441999322502,2531.6147159992397,65.08501547999913,max_end_to_end_throughput,0.3950048139948876
318,3,2,1,0,0.0,19.785189000685932,2054.6700579998287,964.3664770010218,0.1370900008623721,2.560005999839632,3041.963042998759,65.77874877499926,max_end_to_end_throughput,0.3287350917367499
319,4,3,0,0,0.0,28.03635999953258,1908.5322249993624,758.221707001212,0.1410569984727772,0.97480899967195,2696.1560119998467,65.64775750899935,max_end_to_end_throughput,0.37089841817360564
320,5,0,1,0,0.0,28.388708000420593,1916.8222489988693,644.2802889996528,0.18539200027589686,4.529812000328093,2594.670890999623,65.73069424200003,max_end_to_end_throughput,0.3854053334736183
321,6,1,0,0,0.0,25.860513000225183,2000.3945839998778,957.2770689992467,0.27328900068823714,1.8361919992457842,2986.125264000293,66.19912177799961,max_end_to_end_throughput,0.3348821337321842
322,7,3,1,0,0.0,22.144351998576894,2164.6461470008944,799.9571670006844,0.2341639992664568,2.2651159997622017,2989.584767999986,66.44915846399999,max_end_to_end_throughput,0.33449461299904665
323,8,0,0,0,0.0,22.639951999735786,1921.1491139994905,688.402056999621,0.18113300029654056,4.521574999671429,2637.1820580006897,66.41917055799968,max_end_to_end_throughput,0.3791926298626966
324,0,2,1,0,0.0,24.17920300104015,1865.8524630009197,899.2385169985937,0.12140999933762942,0.9903879999910714,2790.7802870013256,66.67652441700011,max_end_to_end_throughput,0.3583227259622409
325,1,1,0,0,0.0,35.239300999819534,1999.9241719997372,1064.2393170001014,0.3855720005958574,2.992845998960547,3103.147091998835,67.26478604799922,max_end_to_end_throughput,0.32225349632262146
326,2,0,1,0,0.0,33.566527999937534,2207.009564001055,663.7403940003423,0.11350600107107311,2.8977260008105077,2907.7374850003253,67.08129646099951,max_end_to_end_throughput,0.3439100005273991
327,3,3,0,0,0.0,22.474678000435233,1953.2077289986773,748.5772969994287,0.3161490003549261,3.467234999334323,2728.513881998879,67.19914622499891,max_end_to_end_throughput,0.36649987621371793
328,4,2,1,0,0.0,27.77476100163767,1835.2507750005316,838.6357399995177,0.11174199971719645,0.819353999759187,2703.1201829995553,67.51503763499932,max_end_to_end_throughput,0.3699428557742986
329,5,0,0,0,0.0,28.956641999684507,2160.2192350001133,665.9230999994179,0.12355400031083263,3.346437000800506,2859.099444000094,67.74772944799952,max_end_to_end_throughput,0.3497604821331171
330,6,3,1,0,0.0,29.65120999942883,2083.591823000461,763.7307519999013,0.13187999866204336,0.819333999970695,2878.2673870009603,67.9601473900002,max_end_to_end_throughput,0.3474312374577402
331,7,1,0,0,0.0,28.500958000222454,1992.8412180015584,1026.0345120004786,0.4053690008731792,3.7267570005496964,3051.9016590005776,68.29177649200028,max_end_to_end_throughput,0.3276645553276036
332,8,2,1,0,0.0,24.50405600029626,1842.4731859995518,855.0527799998235,0.20029000006616116,4.29291099862894,2726.8727459995716,68.37371043999883,max_end_to_end_throughput,0.36672044981455
333,0,0,0,0,0.0,30.75600400006806,1986.8753840000863,593.3459700008825,0.1760439990903251,3.7000169995735632,2615.3162459995656,68.34154911599944,max_end_to_end_throughput,0.38236293661602794
334,1,3,1,0,0.0,25.305535998995765,2157.403596000222,721.222015999956,0.10324499999114778,0.9117190002143616,2905.2460019993305,68.68148010699952,max_end_to_end_throughput,0.3442049311183358
335,2,1,0,0,0.0,27.349553000021842,2059.708467000746,1074.9066400003358,0.18842700046661776,2.645376000145916,3165.4249919993163,69.36549459799971,max_end_to_end_throughput,0.31591334576795305
336,3,0,1,0,0.0,36.90623699912976,1885.6703670007846,641.0236339997937,0.1055410011758795,2.6487030008865986,2566.818561999753,68.98152910099998,max_end_to_end_throughput,0.38958733383201094
337,4,2,0,0,0.0,28.947161999894888,1893.0034419990989,954.3609369993646,0.2689499997359235,1.0687169997254387,2878.031121001186,69.32500983099999,max_end_to_end_throughput,0.3474597591050816
338,5,3,1,0,0.0,28.13492099994619,1976.5003910015366,662.7739100003964,0.2479899994796142,4.775335999511299,2672.749548999491,69.34833026699926,max_end_to_end_throughput,0.3741465414798544
339,6,0,0,0,0.0,28.742242999214795,1871.379247000732,691.3232970000536,0.14175899923429824,4.21624600130599,2596.0664310005086,69.67450731600002,max_end_to_end_throughput,0.38519815520075346
340,7,2,1,0,0.0,27.450573001260636,2100.089711999317,969.9029839994182,0.33807100044214167,3.2937569994828664,3101.5788830009114,70.2973366719998,max_end_to_end_throughput,0.32241643295960826
341,8,3,0,0,0.0,25.71985000031418,2055.3560579992336,770.6072000000859,0.145866999446298,3.44270899950061,2855.739581000307,70.11759582299965,max_end_to_end_throughput,0.35017198579771075
342,0,1,1,0,0.0,23.483799001041916,1824.7059650002484,1069.1544429992064,0.3621870000642957,4.001969000455574,2921.992241001135,70.43625532700025,max_end_to_end_throughput,0.3422322571456861
343,1,0,0,0,0.0,22.624469000220415,1902.8580840003997,555.6514270010666,0.27574299929256085,3.575570999601041,2485.296261998883,70.229730740999,max_end_to_end_throughput,0.40236651673700924
344,2,3,1,0,0.0,18.47724300023401,2135.926885999652,801.6675020007824,0.5984649997117231,3.958696999688982,2961.0327890004555,70.92040960799932,max_end_to_end_throughput,0.33772000219476334
345,3,0,0,0,0.0,25.90510000118229,1911.564690999512,673.3528209988435,0.1270810007554246,0.8701899987499928,2612.203728998793,70.90032370699919,max_end_to_end_throughput,0.3828185332172696
346,4,2,1,0,0.0,25.00836800027173,1930.5090350007958,988.3569810008339,0.20374700034153648,2.9462980000971584,2947.443873999873,71.28535479099992,max_end_to_end_throughput,0.3392770287574416
347,5,1,0,0,0.0,24.64112199959345,2037.4122230005014,987.6051289993484,0.1986070001294138,3.098625998973148,3053.44359099945,71.4229427249993,max_end_to_end_throughput,0.3274990908453891
348,6,0,1,0,0.0,17.850242998974863,2200.63577899964,666.309756001283,0.23346200032392517,3.1863330004853196,2888.5183980000875,71.56913054899996,max_end_to_end_throughput,0.3461982449868992
349,7,3,0,0,0.0,23.472105000109877,1913.270968998404,766.5387649994955,0.23322200104303192,3.6613230004149955,2707.4473579996265,71.68637073699938,max_end_to_end_throughput,0.3693515949794278
350,8,2,1,0,0.0,24.227246000009472,1933.6588610003673,898.4199900005478,0.14797100084251724,0.8220389991038246,2857.661856998675,72.18168305299878,max_end_to_end_throughput,0.34993643406441133
351,0,1,0,0,0.0,26.597039999614935,2049.104042998806,1047.4703410000075,0.1307279999309685,1.3718820009671617,3125.087407999672,72.46869875599987,max_end_to_end_throughput,0.3199910496711793
352,1,0,1,0,0.0,22.173972000018694,2180.272083000091,647.669247999147,0.15955300114001147,3.5586689991760068,2854.2647209997085,72.21718754199901,max_end_to_end_throughput,0.35035292719791916
353,2,3,0,0,0.0,29.049479999230243,1982.896757999697,715.4921179990197,0.23180000061984174,3.6104470000282163,2731.6012999999657,72.40194677399995,max_end_to_end_throughput,0.3660856362896051
354,3,2,1,0,0.0,22.508224999910453,2043.674127999111,1046.0558499999024,0.17041300088749267,3.071994999118033,3115.8753609997802,73.23008191599911,max_end_to_end_throughput,0.32093709925519404
355,4,0,0,0,0.0,25.45720799935225,1961.38707099999,660.1492839999992,0.16055400010372978,2.7223719989706296,2650.3216040000552,72.87655826899936,max_end_to_end_throughput,0.3773126998967704
356,5,3,1,0,0.0,27.01182599957974,2076.5652379996027,720.6601870002487,0.17052400107786525,0.9586579999449896,2825.8545379994757,73.12000416599949,max_end_to_end_throughput,0.3538752566888797
357,6,1,0,0,0.0,28.36411000134831,2006.1661760009883,985.3869000016857,0.12906499978271313,1.2065770006302046,3021.664358000635,73.45398971299983,max_end_to_end_throughput,0.3309434409391772
358,7,0,1,0,0.0,29.52880800148705,1944.4390050011862,639.9121230006131,0.15796000116097275,3.7279289990692632,2618.0470879990025,73.51754722399892,max_end_to_end_throughput,0.3819641001049791
359,8,3,0,0,0.0,27.36794100019324,2175.2043640008196,730.1001799987716,0.12795300062862225,0.8416759992542211,2933.9505979987734,73.8500070609989,max_end_to_end_throughput,0.3408373681145459
360,0,2,1,0,0.0,26.00223900117271,1918.012746000386,983.4382760000153,0.2676580006664153,3.621297000790946,2931.76870500065,74.21424940500037,max_end_to_end_throughput,0.34109102750647524
361,1,1,0,0,0.0,25.03029699983017,2007.4528149998514,994.0097309990961,0.12391500058583915,1.3246319995232625,3028.2775169998786,74.44818115899943,max_end_to_end_throughput,0.3302207259362089
362,2,0,1,0,0.0,29.238996999993105,1918.0208140005561,627.2335209996527,0.12209099986648653,2.422502999252174,2577.4952350002422,74.14352206799958,max_end_to_end_throughput,0.3879735591440991
363,3,3,0,0,0.0,25.881749999825843,2139.861067000311,723.1038100017031,0.14368200027092826,1.360089001536835,2890.885423999862,74.57369432700034,max_end_to_end_throughput,0.34591478157456296
364,4,0,1,0,0.0,26.809991000845912,1933.004083999549,663.8094310001179,0.11444700066931546,0.9479170003032777,2624.9852390010346,74.80589962399972,max_end_to_end_throughput,0.38095452315021794
365,5,2,0,0,0.0,26.531843999691773,1969.7634060012206,905.1082369987853,0.1226819986186456,0.9861799990176223,2902.99665800012,75.11667418399884,max_end_to_end_throughput,0.34447163321534857
366,6,1,1,0,0.0,27.43652800018026,2020.4912389999663,960.0722499999392,0.5179030013096053,2.5253280000470113,3011.5046829996572,75.40991222499906,max_end_to_end_throughput,0.33205991863307815
367,7,3,0,0,0.0,25.384065998878214,2079.1101850009,700.3393320010218,0.2402360005362425,3.7728039987996453,2809.2395570001827,75.27661007399911,max_end_to_end_throughput,0.35596821834156417
368,8,0,1,0,0.0,26.197848999800044,1904.4649920015218,624.7024820004299,0.9978620000765659,10.242461999951047,2566.95907699941,75.44085001799976,max_end_to_end_throughput,0.3895660078729918
369,0,2,0,0,0.0,16.67778599949088,1979.5115209999494,957.8211989992269,0.20166200010862667,3.4188330009783385,2957.9538329999195,76.07706708899968,max_end_to_end_throughput,0.33807153744039764
370,1,3,1,0,0.0,25.042527999175945,2020.279042000766,760.453843000505,0.17515200124762487,1.1098439990746556,2807.3751669999183,76.03443557299943,max_end_to_end_throughput,0.3562046183761905
371,2,1,0,0,0.0,30.57034799894609,1923.081668001032,1057.236857001044,0.15881099898251705,2.774851998765371,3014.176677999785,76.46709509999891,max_end_to_end_throughput,0.3317655555160099
372,3,0,1,0,0.0,29.495421000319766,1885.8344549989852,687.549604999731,0.2152779998141341,3.848968999591307,2607.4391679994733,76.12130876799893,max_end_to_end_throughput,0.38351805567423386
373,4,3,0,0,0.0,24.541026001315913,2159.1903539992927,795.0219400008791,0.17916000069817528,3.6995840000599856,2982.9046220002056,76.83211479199963,max_end_to_end_throughput,0.33524370595847064
374,5,2,1,0,0.0,23.652731000765925,1908.416149999539,982.6554299997952,0.14702900080010295,1.1244920005992753,2916.3053600004787,77.0574519540005,max_end_to_end_throughput,0.34289962008636704
375,6,0,0,0,0.0,22.43742700011353,1883.7674660007906,662.1734929995,0.1209700003528269,1.0366050009906758,2569.959693999408,76.78066628099987,max_end_to_end_throughput,0.38911116090065434
376,7,1,1,0,0.0,23.670413000218105,1993.2895329984603,920.2798349997465,0.1463270000385819,0.810737999927369,2938.558922000084,77.38545975299894,max_end_to_end_throughput,0.34030285815040445
377,8,0,0,0,0.0,24.537568000596366,2182.1570709998923,649.6138629991037,0.14922300033504143,3.5439490002318053,2860.467456999686,77.43286806099968,max_end_to_end_throughput,0.3495932098625899
378,0,3,1,0,0.0,24.961111001175595,1998.0388010008028,757.3085849999188,1.4699870007461868,4.162251998423017,2786.245974999474,77.59125216499888,max_end_to_end_throughput,0.35890585719022483
379,1,2,0,0,0.0,25.712546999784536,1914.4647249995614,844.154897999033,0.14427399946725927,0.9859590009000385,2785.800002000542,77.90153586700035,max_end_to_end_throughput,0.3589633136915352
380,2,1,1,0,0.0,27.18899400133523,2083.964131999892,1055.5944879997696,0.26882000020123087,3.060492999793496,3170.6011810001655,78.44350993700027,max_end_to_end_throughput,0.31539759903973485
381,3,0,0,0,0.0,34.247989000505186,1987.694224999359,664.3154929988668,0.1419889995304402,3.0943370002205484,2689.765848999741,78.09679396499996,max_end_to_end_throughput,0.3717795734420064
382,4,3,1,0,0.0,38.81237399946258,2116.4475639998273,695.5791599993972,0.42174000009254087,2.250035999168176,2854.0161829987483,78.2839517149987,max_end_to_end_throughput,0.350383437191757
383,5,2,0,0,0.0,24.439581000478938,1842.2544830009429,919.9711910005135,0.1830769997468451,3.319093000754947,2790.562954000052,78.82394049100003,max_end_to_end_throughput,0.35835063264441996
384,6,0,1,0,0.0,26.419785999678425,1992.9722659999243,621.0145299992291,0.30568900001526345,3.8388879984267987,2645.0805539989233,78.7187939839987,max_end_to_end_throughput,0.37806031974646886
385,7,3,0,0,0.0,24.755831000220496,2138.5311180001736,725.260031000289,0.13402400145423599,4.063805001351284,2893.2572300000174,79.01079169100012,max_end_to_end_throughput,0.34563121095181504
386,8,1,1,0,0.0,23.606239999935497,1951.9815490002657,923.0353470011323,0.1492629999120254,2.4307479998242343,2901.5361689998826,79.36590684299881,max_end_to_end_throughput,0.3446450231032913
387,0,0,0,0,0.0,21.081732998936786,1913.6650000000373,611.8301050009904,0.1420500011590775,4.130119999899762,2551.171819000956,79.33085324300009,max_end_to_end_throughput,0.3919767349858866
388,1,2,1,0,0.0,23.28136399955838,1968.2842920010444,901.4453050003794,0.17273800040129572,4.363533000287134,2898.0445840006723,79.72653424300006,max_end_to_end_throughput,0.34506025391076867
389,2,3,0,0,0.0,26.863425000556163,1923.0817749994458,710.2443190015038,0.19351699847902637,2.809556001011515,2663.5362739998527,79.71990974300024,max_end_to_end_throughput,0.375440728839143
390,3,0,1,0,0.0,24.671549001141102,1916.9530359995406,668.6055800000759,0.18479999926057644,4.144317999816849,2614.8866540006566,79.99958665600025,max_end_to_end_throughput,0.3824257538926385
391,4,1,0,0,0.0,25.17234800143342,1908.4258149996458,948.6818370005494,0.21446699975058436,1.1390399995434564,2884.0698940002767,80.31345015199986,max_end_to_end_throughput,0.34673223491576866
392,5,3,1,0,0.0,26.299916000425583,2104.2995450006856,738.9884429994709,0.3673470000649104,4.298158000892727,2874.761462000606,80.46066420399984,max_end_to_end_throughput,0.34785494839077163
393,6,2,0,0,0.0,21.403472001111368,1799.7252170007414,950.9465530009038,0.1740299994708039,2.861977000065963,2775.4467750000913,80.67605686699972,max_end_to_end_throughput,0.36030235168172775
394,7,0,1,0,0.0,21.971809001115616,1879.3281609996484,609.8785600006522,0.2129439999407623,2.115610999680939,2513.818164999975,80.60756397099976,max_end_to_end_throughput,0.39780124669439243
395,8,1,0,0,0.0,19.976315001258627,2010.5668830001378,1040.6193019989587,0.22805200023867656,3.185518999089254,3074.813320999965,81.3562086589991,max_end_to_end_throughput,0.32522299587110814
396,0,3,1,0,0.0,25.04231999955664,1990.0233989992557,777.7301149999403,0.301512000078219,3.335643999889726,2796.9316950002394,81.23746932599897,max_end_to_end_throughput,0.35753465191430583
397,1,0,0,0,0.0,22.951527000259375,1866.8605370003206,610.6697260001965,0.18588199964142404,3.879605999827618,2505.010635999497,81.22006670299925,max_end_to_end_throughput,0.39919990184033727
398,2,2,1,0,0.0,27.196032999199815,1824.8199219997332,881.7897080007242,0.27572300132305827,2.7855409989570035,2737.3003369993967,81.55797502699897,max_end_to_end_throughput,0.3653234489775392
399,3,0,0,0,0.0,26.251582999975653,2182.5944859992887,671.4105440005369,0.1101889993151417,2.7613450001808815,2883.5696240003017,81.89035215299918,max_end_to_end_throughput,0.34679238943179247
400,4,3,1,0,0.0,26.47495500059449,1880.2523790000123,749.5748210003512,0.2708140000322601,3.7337789999583038,2660.7343970008515,81.98751407700001,max_end_to_end_throughput,0.375836085378228
401,5,1,0,0,0.0,23.921653999423143,1964.7588990010263,1022.6880139998684,0.1676679985394003,0.7908499992481666,3012.6730899992253,82.37651856499906,max_end_to_end_throughput,0.3319311356149356
402,6,2,1,0,0.0,29.175794999900972,1808.2877580000059,881.5026350002881,0.14951299999665935,0.9118079997278983,2720.438288999503,82.43759711699931,max_end_to_end_throughput,0.3675878273157854
403,7,0,0,0,0.0,30.440051999903517,2134.528278998914,611.0938880010508,0.25832999926933553,3.7471039995580213,2780.424069000219,82.50264996399892,max_end_to_end_throughput,0.35965736707191526
404,8,3,1,0,0.0,27.20344599947566,1960.424367000087,755.6495419994462,0.6865010000183247,3.1890160007606028,2747.6375520000147,82.74315041400041,max_end_to_end_throughput,0.3639490220506328
405,0,1,0,0,0.0,22.915565999937826,2040.012662000663,1222.8921269997954,0.21080000078654848,0.9692469993751729,3287.3424499994144,83.5997071439997,max_end_to_end_throughput,0.3041970878331152
406,1,2,1,0,0.0,23.699160999967717,1955.93351000025,1082.564148999154,0.14115699923422653,1.0177490003115963,3063.857637998808,83.52032362299906,max_end_to_end_throughput,0.32638592198205424
407,2,0,0,0,0.0,36.02026999942609,1856.2408269990556,689.7742010005459,0.15989299936336465,3.9410209992638556,2586.562320999292,83.19260874499923,max_end_to_end_throughput,0.38661353406465004
408,3,3,1,0,0.0,22.569419001229107,2043.2531080004992,552.8560210004798,0.19022000014956575,1.2459420013328781,2620.421895000618,83.29366569800004,max_end_to_end_throughput,0.38161793790070747
409,4,0,0,0,0.0,26.81563899932371,1945.0383080002211,712.1504309998272,0.20134199985477608,4.1429940010857536,2688.8046390013187,83.9050797130003,max_end_to_end_throughput,0.3719124794322811
410,5,3,1,0,0.0,30.022740000276826,2027.6293710012396,661.6432070004521,0.17414000103599392,3.825673000392271,2723.7134050010354,83.95793740800036,max_end_to_end_throughput,0.3671458231118923
411,6,2,0,0,0.0,26.24309299972083,2139.465542000835,914.7913039996638,0.23692899958405178,1.3496789997589076,3082.5556270010566,84.43562524499976,max_end_to_end_throughput,0.3244061489890697
412,7,1,1,0,0.0,18.371770000157994,2024.594836999313,1128.686589998324,1.5982400000211783,2.5395039992872626,3176.194896999732,84.73146099899895,max_end_to_end_throughput,0.3148421404947822
413,8,0,0,0,0.0,21.416673000203446,1991.5212650012108,611.3278699995135,0.2131040000676876,4.309950998504064,2629.075295999428,84.51670686099897,max_end_to_end_throughput,0.38036187153774753
414,0,3,1,0,0.0,22.79985499990289,1946.9205440000223,612.8790279999521,0.25754799935384654,3.8328159989760024,2587.1412670003338,84.57099474399911,max_end_to_end_throughput,0.3865270183562307
415,1,2,0,0,0.0,25.34107099927496,2032.684308998796,1039.7069290011132,0.12775300092471298,0.9637360017222818,3099.153663000834,85.47492504100046,max_end_to_end_throughput,0.32266873757776976
416,2,0,1,0,0.0,25.500863999695866,2049.684089000948,662.1094290003384,0.1416180002706824,2.64141800107609,2740.4336130002775,85.17716337599995,max_end_to_end_throughput,0.3649057562482535
417,3,3,0,0,0.0,27.49773000141431,2040.0317450003058,693.9873499995883,0.297032998787472,4.815788999621873,2767.158288999781,85.26613076099966,max_end_to_end_throughput,0.3613815675002317
418,4,1,1,0,0.0,32.48536599858198,1955.09509600015,983.6809989992616,0.20911600040562917,3.244339999582735,2975.074127998596,85.714570103999,max_end_to_end_throughput,0.3361260785366461
419,5,0,0,0,0.0,29.58537700033048,1955.6720559994574,675.1989940003114,0.16015400069591124,3.1163780004135333,2664.183471999422,85.85291290299938,max_end_to_end_throughput,0.3753495247268079
420,6,3,1,0,0.0,30.661796999993385,1937.5024139990273,658.0804289988009,0.20787399989785627,4.162010000072769,2631.0963060004724,85.92357054499917,max_end_to_end_throughput,0.38006970619790775
421,7,2,0,0,0.0,22.015345999534475,1932.2127750001528,843.525583999508,0.22778200036555063,3.779373999350355,2802.0931409992045,86.32144554299884,max_end_to_end_throughput,0.35687607430615526
422,8,1,1,0,0.0,21.985059000144247,2090.0250040012907,1012.117214000682,1.0424560005048988,3.0555820012523327,3128.6268350013415,86.72741630000019,max_end_to_end_throughput,0.31962904262424485
423,0,0,0,0,0.0,25.21494100074051,1923.1171750016074,661.0323620006966,0.17004199980874546,3.674484998555272,2613.5623049995047,86.51458114999878,max_end_to_end_throughput,0.38261953735982945
424,1,3,1,0,0.0,22.649518001344404,1942.0364439993136,615.0555450003594,0.2544819999457104,4.39903900041827,2584.835263000059,86.53900798399991,max_end_to_end_throughput,0.38687184994503737
425,2,2,0,0,0.0,28.86976800073171,1853.9266280004085,983.2307980013866,0.23861199952079915,3.963142000429798,2870.644145999904,87.30499189900002,max_end_to_end_throughput,0.34835387081796565
426,3,0,1,0,0.0,28.428211000573356,1969.4277339986002,653.1788739994226,0.12118899940105621,3.6509010005829623,2655.290906999653,87.16776136699991,max_end_to_end_throughput,0.37660656968465667
427,4,3,0,0,0.0,27.206204000322032,1939.5057290003024,672.8133230008098,0.2574179998191539,3.797086999838939,2644.0871530012373,87.21132423400013,max_end_to_end_throughput,0.3782023595042716
428,5,1,1,0,0.0,28.25666599892429,1966.8916350001382,931.2527710007998,0.13327299893717282,0.8635569993202807,2927.9300709986273,87.65563916799874,max_end_to_end_throughput,0.34153821155261765
429,6,0,0,0,0.0,20.535630001177196,1968.6195270005555,685.353615999702,0.12590899859787896,3.3419250012229895,2678.2896900003834,87.85286228400037,max_end_to_end_throughput,0.37337260556002694
430,7,3,1,0,0.0,30.516109000018332,1914.8956400003954,705.1035299991781,0.1525190000393195,3.6303420001786435,2654.962949000037,87.91634961700038,max_end_to_end_throughput,0.37665309053621226
431,8,2,0,0,0.0,20.495892998951604,1806.0012480000296,941.3161800002854,0.2550129993323935,3.4373460002825595,2771.79606000027,88.24591629600036,max_end_to_end_throughput,0.36077690362252074
432,0,1,1,0,0.0,22.10818899948208,1920.756507999613,1081.0516820001794,0.9888040003716014,2.7198860007047188,3028.186163999635,88.7395793249998,max_end_to_end_throughput,0.33023068789112947
433,1,0,0,0,0.0,23.682402999838814,1975.5832519986143,689.3323990007048,0.19397799951548222,4.2126049993385095,2693.352487000084,88.5432002389989,max_end_to_end_throughput,0.37128448831954497
434,2,3,1,0,0.0,29.834254999514087,1962.8221740003937,612.9421179994097,0.172938000105205,3.652764000435127,2609.915812001418,88.52939935900031,max_end_to_end_throughput,0.3831541214477521
435,3,2,0,0,0.0,32.15344000091136,1891.9061639990105,853.1668380001065,0.6331100012175739,3.004674999829149,2781.38884100008,89.09912034399895,max_end_to_end_throughput,0.3595326138003914
436,4,3,1,0,0.0,38.44425500028592,1975.836645999152,648.8662850006222,0.16957200023171026,3.683221999381203,2667.4155359996803,89.17837005199908,max_end_to_end_throughput,0.3748947198154581
437,5,0,0,0,0.0,37.50487400066049,1966.1841870001808,645.5537559995719,0.21493700114660896,4.427872998348903,2654.357692999838,89.18905845199879,max_end_to_end_throughput,0.3767389763019633
438,6,1,1,0,0.0,28.997917999731726,1982.7916590002133,938.5275679996994,0.14005500088387635,1.1209439999220194,2952.1241200000077,89.6758155890002,max_end_to_end_throughput,0.3387391448839209
439,7,2,0,0,0.0,26.178735000939923,1904.8545870009548,1001.4249479991122,0.17062400002032518,2.965390998724615,2935.9763779993955,90.10013814099875,max_end_to_end_throughput,0.34060219540370085
440,8,3,1,0,0.0,26.379916000223602,1940.0320909990114,713.2986760007043,1.1228590010432526,5.180108999411459,2686.577017999298,89.89419522699973,max_end_to_end_throughput,0.37222085698652446
441,0,0,0,0,0.0,28.92905599946971,1853.9860540004156,699.6771769991028,0.177265999809606,4.577225998218637,2587.822540999696,89.8889231639987,max_end_to_end_throughput,0.3864252606802367
442,1,1,1,0,0.0,22.696412001096178,1996.7724889993406,1142.6171959992644,0.18257599913340528,2.8341420002107043,3165.4278000005434,90.8202555200005,max_end_to_end_throughput,0.3159130655261915
443,2,0,0,0,0.0,30.719450000106008,2003.5698920000868,687.4629760004609,0.21436600036395248,2.870681000786135,2725.2257930013,90.57479603600041,max_end_to_end_throughput,0.3669420723112622
444,3,3,1,0,0.0,23.541384000054677,1951.1172649999935,670.9241890002886,0.12108000009902753,0.9646189992054133,2647.155919999932,90.55994660099896,max_end_to_end_throughput,0.3777639210613728
445,4,2,0,0,0.0,22.16609700008121,1831.8466719993012,828.6805399984587,0.14012599967827555,0.8648799994261935,2684.205805999227,90.92677109999931,max_end_to_end_throughput,0.37254967475481576
446,5,3,1,0,0.0,30.76827100085211,2002.002134000577,696.2522269986948,0.14356199972098693,0.8532669999112841,2730.3652560003684,91.25616060399989,max_end_to_end_throughput,0.36625136428262
447,6,0,0,0,0.0,29.343149999476736,2002.9790850003337,689.9716019997868,0.13302199840836693,3.136934999929508,2725.9703449999506,91.26502253099898,max_end_to_end_throughput,0.36684184838409095
448,7,1,1,0,0.0,26.84002500063798,2053.757982999741,1008.1687059991964,0.14706799993291497,1.0224980014754692,3090.3744300012477,91.8266510350004,max_end_to_end_throughput,0.32358538508862705
449,8,2,0,0,0.0,24.52820400139899,1805.2894000011293,907.9014489998372,0.363377999747172,3.1995339995773975,2741.6090440001426,91.83730470699993,max_end_to_end_throughput,0.36474930741436085
450,0,3,1,0,0.0,29.420525999739766,2050.5868780001038,657.9182660007064,0.18277600065630395,3.459356999883312,2742.0234979999805,91.91678060199956,max_end_to_end_throughput,0.36469417593590847
451,1,0,0,0,0.0,27.277974999378785,2049.35078500057,661.9124869994266,0.5780449992016656,4.496461999224266,2744.0454690004117,91.92879962199913,max_end_to_end_throughput,0.36442544822855116
452,2,1,1,0,0.0,25.42209600142087,2124.970300001223,1176.2110969993955,0.4052879994560499,3.4370440007478464,3330.872584001554,93.00561904700044,max_end_to_end_throughput,0.3002216310534001
453,3,2,0,0,0.0,29.525212999942596,1919.38909000055,1131.609722999201,0.18274600006407127,3.0815299996902468,3084.2789429989352,92.9687017469987,max_end_to_end_throughput,0.32422488966827057
454,4,3,1,0,0.0,31.058229000336723,1993.7550790000387,726.1112479991425,0.22606799939239863,3.4965970007760916,2754.9896510008693,92.6430635050001,max_end_to_end_throughput,0.3629777700387029
455,5,0,0,0,0.0,28.422904000763083,1797.7296620010748,676.4909909998096,0.2667259996087523,4.3081759995402535,2507.6341969997884,92.60489651699936,max_end_to_end_throughput,0.3987822471062291
456,6,0,1,0,0.0,27.27808300005563,2013.792129999274,728.7856969996938,0.9270970003854018,4.3093380008940585,2775.417259999813,93.3344487659997,max_end_to_end_throughput,0.36030618329442377
457,7,3,0,0,0.0,29.34254600040731,2037.6857840001321,647.2057999999379,0.741224999728729,3.7211729995760834,2719.094791998941,93.2911053989992,max_end_to_end_throughput,0.36776945141542877
458,8,2,1,0,0.0,29.169016999730957,2118.5845069994684,965.0741449986526,0.948117000007187,3.939576999982819,3118.0344879994664,93.93550001999938,max_end_to_end_throughput,0.3207148618300245
459,0,1,0,0,0.0,23.537652999948477,2052.1112010010256,1054.9197729997104,0.3907000009348849,3.5466509998514084,3134.8512540007505,94.06080349100012,max_end_to_end_throughput,0.318994401639881
460,1,3,1,0,0.0,28.08354899934784,2002.981292000186,609.4762309985526,0.22913400061952416,1.3456710003083572,2642.424341998776,93.8977763139992,max_end_to_end_throughput,0.3784403527117005
461,2,0,0,0,0.0,31.74178200060851,2035.1936009992642,633.923474999392,0.22344299941323698,3.388983001059387,2704.890320001141,93.96683966599994,max_end_to_end_throughput,0.36970075740430697
462,3,3,1,0,0.0,33.740970999133424,2036.4693940009602,706.4682500003983,0.13170900092518423,3.3272560012846952,2780.539833000148,94.60621721200005,max_end_to_end_throughput,0.3596423932258577
463,4,2,0,0,0.0,36.92294199936441,2059.132905998922,1021.9748870003968,0.11749300028895959,0.7128909983293852,3119.309929999872,94.95351487199878,max_end_to_end_throughput,0.320583726029443
464,5,0,1,0,0.0,34.74228899904119,2014.7338309998304,713.2815199984179,0.9458830008952646,3.8632820014754543,2768.0516630007332,94.68144574600046,max_end_to_end_throughput,0.36126493351498373
465,6,1,0,0,0.0,36.39520199976687,2095.973920000688,1038.5022039990872,0.28164300056232605,3.7213830000837334,3175.233643998581,95.09960143599892,max_end_to_end_throughput,0.3149374540957235
466,7,3,1,0,0.0,25.98470900011307,1975.594497000202,661.3656130011805,0.0970839992078254,3.5727009999391157,2667.1458309992886,95.26784601399959,max_end_to_end_throughput,0.374932629621281
467,8,0,0,0,0.0,18.997756000317167,2017.5983600001928,654.5336620001763,0.17777699940779712,3.442142999119824,2695.237662999716,95.33488211799886,max_end_to_end_throughput,0.3710247944839977
468,0,2,1,0,0.0,25.605360000554356,1961.1211720002757,920.187485000497,0.2178230006393278,1.319560000411002,2908.8022140003886,95.8744696800004,max_end_to_end_throughput,0.34378411677043175
469,1,1,0,0,0.0,23.673749001318356,2069.2917840005975,1105.7862260004185,0.2410670003882842,2.7486290000524605,3202.240039001481,96.20449933800046,max_end_to_end_throughput,0.3122813992144758
470,2,3,1,0,0.0,31.16829200007487,1945.7938029991055,642.3867630001041,0.2481499996065395,3.578402000130154,2623.609493000913,95.91044150299967,max_end_to_end_throughput,0.3811542848383999
471,3,0,0,0,0.0,21.38384800127824,1980.0170889993751,646.1847110003873,0.23650900038774125,3.650188000392518,2651.92243599995,95.98142579900014,max_end_to_end_throughput,0.3770849352247114
472,4,2,1,0,0.0,26.067003000207478,1949.9551310000243,1036.273458001233,0.14914299936208408,1.0714009986259043,3014.030490998266,96.91052905299875,max_end_to_end_throughput,0.3317816468634309
473,5,3,0,0,0.0,28.519481000330416,1946.7693400001735,696.9838569984859,0.12935499944433104,0.9957269994629314,2673.912485999608,96.60479262999979,max_end_to_end_throughput,0.3739838178085184
474,6,0,1,0,0.0,29.840875999070704,1983.8055959990015,674.8899630001688,0.14957399980630726,3.2879310001590056,2692.4419770002714,96.65596076899965,max_end_to_end_throughput,0.3714100465459721
475,7,1,0,0,0.0,28.260600998692098,2115.5524969999533,929.8695650013542,0.11354499838489573,0.8280389993160497,3075.0963240006968,97.13242733399966,max_end_to_end_throughput,0.3251930653993307
476,8,3,1,0,0.0,19.30154999899969,1981.1565849995532,671.1198140001216,0.2169620001950534,3.794019999986631,2675.9205189991917,97.27886064099948,max_end_to_end_throughput,0.37370317724309887
477,0,0,0,0,0.0,20.51068199943984,1954.6752330006711,683.5185680010909,0.1484420008637244,3.896223999618087,2663.2375829995,97.34015241199995,max_end_to_end_throughput,0.3754828357722931
478,1,2,1,0,0.0,19.74196499941172,1936.5372020001814,930.0764470008289,0.1603439995960798,0.7954579996294342,2887.5627929992334,97.84040762499899,max_end_to_end_throughput,0.3463128152310506
479,2,1,0,0,0.0,34.19980600119743,2000.93071000083,1073.929465999754,0.16859899915289134,1.2711790004686918,3110.9641309994913,98.20691710199935,max_end_to_end_throughput,0.3214437575912262
480,3,3,1,0,0.0,25.086052000915515,1985.2984099998139,696.7823729992233,0.9868800007097889,3.2252820001303917,2711.625574998834,97.9759384329991,max_end_to_end_throughput,0.3687824783849186
481,4,0,0,0,0.0,26.607284000419895,1977.63268700146,649.8944880004274,0.18244600141770206,3.481708001345396,2658.2274960001087,97.98972604200026,max_end_to_end_throughput,0.3761905260195831
482,5,2,1,0,0.0,31.338280999989365,1934.4710700006544,1092.3047500000393,0.12406499990902375,2.8193030011607334,3061.5373270011332,98.93477037400044,max_end_to_end_throughput,0.3266332868720989
483,6,3,0,0,0.0,25.929330000508344,2038.479709000967,730.2360689991474,0.13974499961477704,3.3098519998020492,2798.5759180010064,98.70550952200028,max_end_to_end_throughput,0.3573245926858006
484,7,0,1,0,0.0,24.564764000388095,1983.1967289992463,671.3229680008226,0.20707200019387528,3.8489439994009444,2683.667434999734,98.66151983199961,max_end_to_end_throughput,0.372624412011058
485,8,1,0,0,0.0,27.632237999569043,1975.7081650004693,944.9611039999581,0.16064400006143842,0.7986540003912523,2949.6671149991016,99.15148300699911,max_end_to_end_throughput,0.33902130681627934
486,0,0,1,0,0.0,25.52312900115794,2027.8298289995291,666.7132260008657,0.14315099906525575,1.2198620006529381,2721.771054000783,99.32562332199996,max_end_to_end_throughput,0.36740783120978565
487,1,3,0,0,0.0,20.506181999735418,2028.518991000965,658.9289430012286,0.15477300075872336,1.3559289982367773,2709.841931999108,99.36256472399873,max_end_to_end_throughput,0.36902521441989744
488,2,2,1,0,0.0,24.30214500054717,1997.7091300006578,831.2367279995669,0.19044100008613896,0.9130899998126552,2854.7243909997633,99.76423360099943,max_end_to_end_throughput,0.35029651308993315
489,3,1,0,0,0.0,32.09981200052425,1986.5508429993497,1075.496570998439,0.1883370005089091,1.1978299990005326,3095.852577000187,100.22749778899924,max_end_to_end_throughput,0.32301279700113433
490,4,0,1,0,0.0,31.865345999904093,2016.8077449998236,690.4233059995022,0.14342200120154303,1.8764560009003617,2741.622154000652,100.01676910700007,max_end_to_end_throughput,0.36474756324126284
491,5,3,0,0,0.0,36.107406000155606,1988.353348999226,683.3141040006012,0.3198260001227027,2.6580370013107313,2711.1491430005117,100.04745482500039,max_end_to_end_throughput,0.36884728476916967
492,6,2,1,0,0.0,32.65261799970176,1887.1728670001175,958.6273200002324,0.29371699929470196,1.1721810005838051,2880.2593300006265,100.72332056300002,max_end_to_end_throughput,0.3471909593639898
493,7,0,0,0,0.0,30.892032000338077,2011.4237449997745,640.2874819996214,0.22951499886403326,1.7930080011865357,2685.1543330012646,100.65714884299996,max_end_to_end_throughput,0.37241807210473254
494,8,3,1,0,0.0,32.38907900049526,2025.4693999995652,628.7721690005128,0.24941300034697633,1.8637619996297872,2689.175540999713,100.67549472700011,max_end_to_end_throughput,0.3718611837545739
495,0,1,0,0,0.0,33.61617500013381,1986.5135489999375,910.6396749994019,0.22132899903226644,1.1250919997110032,2932.49581100099,101.13820187700003,max_end_to_end_throughput,0.34100645472317176
496,1,0,1,0,0.0,30.19290600059321,1966.751898999064,656.343332000688,0.08463099948130548,0.47659299889346585,2654.3645469992043,101.31210932499926,max_end_to_end_throughput,0.37673800350088077
497,2,3,0,0,0.0,32.23320200049784,1938.648290999481,672.301951000918,0.07067399928928353,1.0252219999529188,2644.6307159985736,101.34688096199898,max_end_to_end_throughput,0.37812462585061324
498,3,2,1,0,0.0,25.779892999707954,1763.9090339998802,837.4844770005438,0.06741699871781748,0.564971000130754,2628.0540930001735,101.560056712,max_end_to_end_throughput,0.38050967164774185
499,4,1,0,0,0.0,29.243897999549517,1956.6721020000841,661.9068509990029,0.05988400153000839,0.5890459997317521,2648.769784000251,101.79949784999917,max_end_to_end_throughput,0.37753375398664135
